,danceability,energy,key,loudness,mode,speechiness,acousticness,instrumentalness,liveness,valence,tempo,type,id,uri,track_href,analysis_url,duration_ms,time_signature
0,0.414,0.857,0,-4.078,0,0.0808,0.0287,0.00574,0.343,0.348,128.024,audio_features,07nH4ifBxUB4lZcsf44Brn,spotify:track:07nH4ifBxUB4lZcsf44Brn,https://api.spotify.com/v1/tracks/07nH4ifBxUB4lZcsf44Brn,https://api.spotify.com/v1/audio-analysis/07nH4ifBxUB4lZcsf44Brn,212960,4
1,0.811,0.879,9,-3.724,1,0.0514,0.0476,1.91e-06,0.109,0.962,134.064,audio_features,0ifSeVGUr7py5GggttDhXw,spotify:track:0ifSeVGUr7py5GggttDhXw,https://api.spotify.com/v1/tracks/0ifSeVGUr7py5GggttDhXw,https://api.spotify.com/v1/audio-analysis/0ifSeVGUr7py5GggttDhXw,188754,4
2,0.773,0.758,1,-4.993,1,0.0381,0.0422,0.0,0.305,0.925,144.033,audio_features,18n3RlT0UNcy2yHImHy8IT,spotify:track:18n3RlT0UNcy2yHImHy8IT,https://api.spotify.com/v1/tracks/18n3RlT0UNcy2yHImHy8IT,https://api.spotify.com/v1/audio-analysis/18n3RlT0UNcy2yHImHy8IT,224840,4
3,0.687,0.702,7,-5.324,0,0.0455,0.0064,4.35e-05,0.204,0.284,129.956,audio_features,12KUFSHFgT0XCoiSlvdQi4,spotify:track:12KUFSHFgT0XCoiSlvdQi4,https://api.spotify.com/v1/tracks/12KUFSHFgT0XCoiSlvdQi4,https://api.spotify.com/v1/audio-analysis/12KUFSHFgT0XCoiSlvdQi4,214840,4
4,0.706,0.786,0,-3.417,0,0.091,0.26,0.0,0.38,0.751,150.028,audio_features,0puf9yIluy9W0vpMEUoAnN,spotify:track:0puf9yIluy9W0vpMEUoAnN,https://api.spotify.com/v1/tracks/0puf9yIluy9W0vpMEUoAnN,https://api.spotify.com/v1/audio-analysis/0puf9yIluy9W0vpMEUoAnN,199387,4
5,0.76,0.886,9,-5.356,0,0.0258,0.0219,7.43e-06,0.623,0.78,123.002,audio_features,7icHQ0UDRFe98tfvI0yyhL,spotify:track:7icHQ0UDRFe98tfvI0yyhL,https://api.spotify.com/v1/tracks/7icHQ0UDRFe98tfvI0yyhL,https://api.spotify.com/v1/audio-analysis/7icHQ0UDRFe98tfvI0yyhL,189399,4
6,0.743,0.72,11,-3.753,1,0.124,0.192,0.000386,0.109,0.519,163.99,audio_features,71vsEyBd4X1D5BUmLdFSVH,spotify:track:71vsEyBd4X1D5BUmLdFSVH,https://api.spotify.com/v1/tracks/71vsEyBd4X1D5BUmLdFSVH,https://api.spotify.com/v1/audio-analysis/71vsEyBd4X1D5BUmLdFSVH,209423,4
7,0.418,0.42,0,-6.444,1,0.0414,0.588,6.39e-05,0.11,0.184,84.094,audio_features,5Nm9ERjJZ5oyfXZTECKmRt,spotify:track:5Nm9ERjJZ5oyfXZTECKmRt,https://api.spotify.com/v1/tracks/5Nm9ERjJZ5oyfXZTECKmRt,https://api.spotify.com/v1/audio-analysis/5Nm9ERjJZ5oyfXZTECKmRt,172724,4
8,0.742,0.713,1,-5.522,0,0.0303,0.0205,0.0,0.059,0.879,120.032,audio_features,4gbVRS8gloEluzf0GzDOFc,spotify:track:4gbVRS8gloEluzf0GzDOFc,https://api.spotify.com/v1/tracks/4gbVRS8gloEluzf0GzDOFc,https://api.spotify.com/v1/audio-analysis/4gbVRS8gloEluzf0GzDOFc,189960,4
9,0.279,0.742,4,-6.46,0,0.0898,0.000185,0.0,0.593,0.328,189.868,audio_features,2bL2gyO6kBdLkNSkxXNh6x,spotify:track:2bL2gyO6kBdLkNSkxXNh6x,https://api.spotify.com/v1/tracks/2bL2gyO6kBdLkNSkxXNh6x,https://api.spotify.com/v1/audio-analysis/2bL2gyO6kBdLkNSkxXNh6x,231013,4
10,0.725,0.68,8,-5.465,1,0.0306,0.162,2.13e-06,0.158,0.76,119.939,audio_features,2wqaekenSQZm7hxQOYt8oE,spotify:track:2wqaekenSQZm7hxQOYt8oE,https://api.spotify.com/v1/tracks/2wqaekenSQZm7hxQOYt8oE,https://api.spotify.com/v1/audio-analysis/2wqaekenSQZm7hxQOYt8oE,247520,4
11,0.645,0.891,6,-2.505,0,0.0387,0.0932,3.88e-06,0.379,0.568,124.915,audio_features,2rgtCOVK2tpfao2VjURn84,spotify:track:2rgtCOVK2tpfao2VjURn84,https://api.spotify.com/v1/tracks/2rgtCOVK2tpfao2VjURn84,https://api.spotify.com/v1/audio-analysis/2rgtCOVK2tpfao2VjURn84,203520,4
12,0.69,0.636,9,-6.028,0,0.0457,0.0203,0.0,0.147,0.799,96.002,audio_features,7GCElX2eJA5t0AFWw3WzKn,spotify:track:7GCElX2eJA5t0AFWw3WzKn,https://api.spotify.com/v1/tracks/7GCElX2eJA5t0AFWw3WzKn,https://api.spotify.com/v1/audio-analysis/7GCElX2eJA5t0AFWw3WzKn,204285,4
13,0.422,0.264,8,-7.064,1,0.0322,0.922,0.0,0.132,0.331,119.93,audio_features,3U4isOIWM3VvDubwSI3y7a,spotify:track:3U4isOIWM3VvDubwSI3y7a,https://api.spotify.com/v1/tracks/3U4isOIWM3VvDubwSI3y7a,https://api.spotify.com/v1/audio-analysis/3U4isOIWM3VvDubwSI3y7a,269560,4
14,0.719,0.671,8,-6.279,1,0.0336,0.0372,8.21e-06,0.12,0.786,130.027,audio_features,13P5rwmk2EsoFRIz9UCeh9,spotify:track:13P5rwmk2EsoFRIz9UCeh9,https://api.spotify.com/v1/tracks/13P5rwmk2EsoFRIz9UCeh9,https://api.spotify.com/v1/audio-analysis/13P5rwmk2EsoFRIz9UCeh9,237627,4
15,0.484,0.731,1,-6.694,1,0.0379,0.431,0.0,0.151,0.51,101.654,audio_features,7yq4Qj7cqayVTp3FF9CWbm,spotify:track:7yq4Qj7cqayVTp3FF9CWbm,https://api.spotify.com/v1/tracks/7yq4Qj7cqayVTp3FF9CWbm,https://api.spotify.com/v1/audio-analysis/7yq4Qj7cqayVTp3FF9CWbm,204280,4
16,0.596,0.856,4,-3.556,0,0.0346,0.0211,0.0178,0.141,0.743,127.949,audio_features,6YUTL4dYpB9xZO5qExPf05,spotify:track:6YUTL4dYpB9xZO5qExPf05,https://api.spotify.com/v1/tracks/6YUTL4dYpB9xZO5qExPf05,https://api.spotify.com/v1/audio-analysis/6YUTL4dYpB9xZO5qExPf05,222533,4
17,0.69,0.937,10,-5.393,1,0.0642,0.0894,0.000104,0.0532,0.794,122.951,audio_features,49eplIHvgCLY8HAgcaWrUb,spotify:track:49eplIHvgCLY8HAgcaWrUb,https://api.spotify.com/v1/tracks/49eplIHvgCLY8HAgcaWrUb,https://api.spotify.com/v1/audio-analysis/49eplIHvgCLY8HAgcaWrUb,235012,4
18,0.677,0.485,5,-5.795,1,0.0361,0.529,2.04e-05,0.0766,0.493,82.001,audio_features,7795WJLVKJoAyVoOtCWqXN,spotify:track:7795WJLVKJoAyVoOtCWqXN,https://api.spotify.com/v1/tracks/7795WJLVKJoAyVoOtCWqXN,https://api.spotify.com/v1/audio-analysis/7795WJLVKJoAyVoOtCWqXN,239317,4
19,0.594,0.497,2,-5.26,1,0.0303,0.0343,0.0,0.162,0.101,101.668,audio_features,0dIOvducp7ujHTqj66cQ3X,spotify:track:0dIOvducp7ujHTqj66cQ3X,https://api.spotify.com/v1/tracks/0dIOvducp7ujHTqj66cQ3X,https://api.spotify.com/v1/audio-analysis/0dIOvducp7ujHTqj66cQ3X,237248,4
20,0.647,0.822,5,-4.662,0,0.183,0.219,0.0,0.0908,0.962,160.019,audio_features,60nZcImufyMA1MKQY3dcCH,spotify:track:60nZcImufyMA1MKQY3dcCH,https://api.spotify.com/v1/tracks/60nZcImufyMA1MKQY3dcCH,https://api.spotify.com/v1/audio-analysis/60nZcImufyMA1MKQY3dcCH,232720,4
21,0.343,0.828,4,-6.222,0,0.0646,0.0626,0.00211,0.216,0.352,78.023,audio_features,0mZriPjLPG9PExNzKQ3NVS,spotify:track:0mZriPjLPG9PExNzKQ3NVS,https://api.spotify.com/v1/tracks/0mZriPjLPG9PExNzKQ3NVS,https://api.spotify.com/v1/audio-analysis/0mZriPjLPG9PExNzKQ3NVS,170080,4
22,0.664,0.705,1,-4.972,0,0.0382,0.0654,0.0,0.118,0.477,122.016,audio_features,2tpWsVSb9UEmDRxAl1zhX1,spotify:track:2tpWsVSb9UEmDRxAl1zhX1,https://api.spotify.com/v1/tracks/2tpWsVSb9UEmDRxAl1zhX1,https://api.spotify.com/v1/audio-analysis/2tpWsVSb9UEmDRxAl1zhX1,257267,4
23,0.581,0.0549,10,-20.514,0,0.0397,0.559,0.0,0.0718,0.234,152.037,audio_features,3B7udSGy2PfgoCniMSb523,spotify:track:3B7udSGy2PfgoCniMSb523,https://api.spotify.com/v1/tracks/3B7udSGy2PfgoCniMSb523,https://api.spotify.com/v1/audio-analysis/3B7udSGy2PfgoCniMSb523,300840,4
24,0.738,0.482,6,-8.917,0,0.0402,0.0266,0.621,0.106,0.352,93.457,audio_features,27jdUE1EYDSXZqhjuNxLem,spotify:track:27jdUE1EYDSXZqhjuNxLem,https://api.spotify.com/v1/tracks/27jdUE1EYDSXZqhjuNxLem,https://api.spotify.com/v1/audio-analysis/27jdUE1EYDSXZqhjuNxLem,285014,4
25,0.505,0.71,3,-3.015,1,0.0321,0.19,0.00025,0.269,0.428,89.938,audio_features,5qaEfEh1AtSdrdrByCP7qR,spotify:track:5qaEfEh1AtSdrdrByCP7qR,https://api.spotify.com/v1/tracks/5qaEfEh1AtSdrdrByCP7qR,https://api.spotify.com/v1/audio-analysis/5qaEfEh1AtSdrdrByCP7qR,177507,4
26,0.679,0.715,9,-6.383,1,0.0407,0.0755,0.0,0.271,0.571,127.435,audio_features,4Ub8UsjWuewQrPhuepfVpd,spotify:track:4Ub8UsjWuewQrPhuepfVpd,https://api.spotify.com/v1/tracks/4Ub8UsjWuewQrPhuepfVpd,https://api.spotify.com/v1/audio-analysis/4Ub8UsjWuewQrPhuepfVpd,214148,4
27,0.448,0.784,9,-3.686,1,0.0627,0.106,0.000108,0.668,0.236,136.245,audio_features,62yJjFtgkhUrXktIoSjgP2,spotify:track:62yJjFtgkhUrXktIoSjgP2,https://api.spotify.com/v1/tracks/62yJjFtgkhUrXktIoSjgP2,https://api.spotify.com/v1/audio-analysis/62yJjFtgkhUrXktIoSjgP2,186813,4
28,0.479,0.545,7,-7.346,1,0.0688,0.365,0.0,0.0963,0.244,74.897,audio_features,5rEvuW4YhwobKwGL1HPrXA,spotify:track:5rEvuW4YhwobKwGL1HPrXA,https://api.spotify.com/v1/tracks/5rEvuW4YhwobKwGL1HPrXA,https://api.spotify.com/v1/audio-analysis/5rEvuW4YhwobKwGL1HPrXA,252733,4
29,0.705,0.78,7,-6.267,1,0.0805,0.456,0.00152,0.115,0.457,142.028,audio_features,0qt5f5EL92o8Snzopsv0en,spotify:track:0qt5f5EL92o8Snzopsv0en,https://api.spotify.com/v1/tracks/0qt5f5EL92o8Snzopsv0en,https://api.spotify.com/v1/audio-analysis/0qt5f5EL92o8Snzopsv0en,218228,4
30,0.532,0.783,2,-5.697,1,0.0523,0.0038,0.0012,0.161,0.643,124.08,audio_features,0nrRP2bk19rLc0orkWPQk2,spotify:track:0nrRP2bk19rLc0orkWPQk2,https://api.spotify.com/v1/tracks/0nrRP2bk19rLc0orkWPQk2,https://api.spotify.com/v1/audio-analysis/0nrRP2bk19rLc0orkWPQk2,247427,4
31,0.719,0.935,7,-3.752,1,0.0589,0.167,0.0,0.0973,0.738,120.022,audio_features,5BJSZocnCeSNeYMj3iVqM7,spotify:track:5BJSZocnCeSNeYMj3iVqM7,https://api.spotify.com/v1/tracks/5BJSZocnCeSNeYMj3iVqM7,https://api.spotify.com/v1/audio-analysis/5BJSZocnCeSNeYMj3iVqM7,224227,4
32,0.818,0.799,1,-4.1,0,0.156,0.00107,0.128,0.057,0.0815,100.014,audio_features,67awxiNHNyjMXhVgsHuIrs,spotify:track:67awxiNHNyjMXhVgsHuIrs,https://api.spotify.com/v1/tracks/67awxiNHNyjMXhVgsHuIrs,https://api.spotify.com/v1/audio-analysis/67awxiNHNyjMXhVgsHuIrs,213733,4
33,0.649,0.807,0,-4.834,1,0.0301,0.000178,0.0074,0.0599,0.816,117.964,audio_features,1fzJyTCKeZuTSLByCsLRHl,spotify:track:1fzJyTCKeZuTSLByCsLRHl,https://api.spotify.com/v1/tracks/1fzJyTCKeZuTSLByCsLRHl,https://api.spotify.com/v1/audio-analysis/1fzJyTCKeZuTSLByCsLRHl,193227,5
34,0.503,0.748,5,-4.124,1,0.0619,0.0305,0.0,0.343,0.356,125.896,audio_features,05XtssRLI22p8wLFIr7Vrl,spotify:track:05XtssRLI22p8wLFIr7Vrl,https://api.spotify.com/v1/tracks/05XtssRLI22p8wLFIr7Vrl,https://api.spotify.com/v1/audio-analysis/05XtssRLI22p8wLFIr7Vrl,210013,4
35,0.781,0.853,1,-3.68,0,0.0715,0.0525,0.0,0.12,0.624,110.049,audio_features,48RrDBpOSSl1aLVCalGl5C,spotify:track:48RrDBpOSSl1aLVCalGl5C,https://api.spotify.com/v1/tracks/48RrDBpOSSl1aLVCalGl5C,https://api.spotify.com/v1/audio-analysis/48RrDBpOSSl1aLVCalGl5C,250189,4
36,0.826,0.436,1,-9.583,1,0.0558,0.441,0.615,0.0964,0.272,119.051,audio_features,7ueP5u2qkdZbIPN2YA6LR0,spotify:track:7ueP5u2qkdZbIPN2YA6LR0,https://api.spotify.com/v1/tracks/7ueP5u2qkdZbIPN2YA6LR0,https://api.spotify.com/v1/audio-analysis/7ueP5u2qkdZbIPN2YA6LR0,259093,4
37,0.545,0.78,7,-4.867,0,0.0436,0.0309,4.64e-05,0.0828,0.458,125.014,audio_features,4lhqb6JvbHId48OUJGwymk,spotify:track:4lhqb6JvbHId48OUJGwymk,https://api.spotify.com/v1/tracks/4lhqb6JvbHId48OUJGwymk,https://api.spotify.com/v1/audio-analysis/4lhqb6JvbHId48OUJGwymk,255093,4
38,0.544,0.914,4,-4.337,1,0.063,0.0113,0.0,0.485,0.699,145.09,audio_features,22eNdxGb4tEvBt0nBCp52o,spotify:track:22eNdxGb4tEvBt0nBCp52o,https://api.spotify.com/v1/tracks/22eNdxGb4tEvBt0nBCp52o,https://api.spotify.com/v1/audio-analysis/22eNdxGb4tEvBt0nBCp52o,246187,4
39,0.718,0.691,4,-6.44,1,0.0387,0.0159,0.0,0.0627,0.552,100.008,audio_features,5gb9UJkh8TfrNMRYOJNbew,spotify:track:5gb9UJkh8TfrNMRYOJNbew,https://api.spotify.com/v1/tracks/5gb9UJkh8TfrNMRYOJNbew,https://api.spotify.com/v1/audio-analysis/5gb9UJkh8TfrNMRYOJNbew,213107,4
40,0.505,0.71,3,-3.015,1,0.0321,0.19,0.00025,0.269,0.428,89.938,audio_features,5qaEfEh1AtSdrdrByCP7qR,spotify:track:5qaEfEh1AtSdrdrByCP7qR,https://api.spotify.com/v1/tracks/5qaEfEh1AtSdrdrByCP7qR,https://api.spotify.com/v1/audio-analysis/5qaEfEh1AtSdrdrByCP7qR,177507,4
41,0.681,0.709,9,-6.488,1,0.041,0.0749,0.0,0.266,0.591,127.44,audio_features,7Fw5i56my24ZBnGS7hFX2n,spotify:track:7Fw5i56my24ZBnGS7hFX2n,https://api.spotify.com/v1/tracks/7Fw5i56my24ZBnGS7hFX2n,https://api.spotify.com/v1/audio-analysis/7Fw5i56my24ZBnGS7hFX2n,214148,4
42,0.664,0.705,1,-4.972,0,0.0382,0.0654,0.0,0.118,0.477,122.016,audio_features,2tpWsVSb9UEmDRxAl1zhX1,spotify:track:2tpWsVSb9UEmDRxAl1zhX1,https://api.spotify.com/v1/tracks/2tpWsVSb9UEmDRxAl1zhX1,https://api.spotify.com/v1/audio-analysis/2tpWsVSb9UEmDRxAl1zhX1,257267,4
43,0.794,0.811,6,-8.966,0,0.038,0.0426,1.07e-06,0.101,0.862,116.047,audio_features,2Foc5Q5nqNiosCNqttzHof,spotify:track:2Foc5Q5nqNiosCNqttzHof,https://api.spotify.com/v1/tracks/2Foc5Q5nqNiosCNqttzHof,https://api.spotify.com/v1/audio-analysis/2Foc5Q5nqNiosCNqttzHof,248413,4
44,0.655,0.819,0,-4.852,1,0.0316,0.000176,0.00374,0.104,0.766,117.956,audio_features,6Z8R6UsFuGXGtiIxiD8ISb,spotify:track:6Z8R6UsFuGXGtiIxiD8ISb,https://api.spotify.com/v1/tracks/6Z8R6UsFuGXGtiIxiD8ISb,https://api.spotify.com/v1/audio-analysis/6Z8R6UsFuGXGtiIxiD8ISb,192790,5
45,0.882,0.736,3,-2.892,0,0.116,0.00222,0.0,0.0515,0.582,125.996,audio_features,5JlfrE9buCY1AB18sO5IdG,spotify:track:5JlfrE9buCY1AB18sO5IdG,https://api.spotify.com/v1/tracks/5JlfrE9buCY1AB18sO5IdG,https://api.spotify.com/v1/audio-analysis/5JlfrE9buCY1AB18sO5IdG,194547,4
46,0.59,0.724,0,-3.278,1,0.0439,0.04,4.07e-05,0.142,0.526,127.059,audio_features,5Iy2Jj87Ha0C0IBlNE1I4y,spotify:track:5Iy2Jj87Ha0C0IBlNE1I4y,https://api.spotify.com/v1/tracks/5Iy2Jj87Ha0C0IBlNE1I4y,https://api.spotify.com/v1/audio-analysis/5Iy2Jj87Ha0C0IBlNE1I4y,278480,4
47,0.781,0.445,2,-6.061,1,0.0295,0.474,0.0,0.184,0.591,78.998,audio_features,34gCuhDGsG4bRPIf9bb02f,spotify:track:34gCuhDGsG4bRPIf9bb02f,https://api.spotify.com/v1/tracks/34gCuhDGsG4bRPIf9bb02f,https://api.spotify.com/v1/audio-analysis/34gCuhDGsG4bRPIf9bb02f,281560,4
48,0.527,0.835,6,-5.298,1,0.0433,0.0166,0.0,0.249,0.654,125.983,audio_features,0ct6r3EGTcMLPtrXHDvVjc,spotify:track:0ct6r3EGTcMLPtrXHDvVjc,https://api.spotify.com/v1/tracks/0ct6r3EGTcMLPtrXHDvVjc,https://api.spotify.com/v1/audio-analysis/0ct6r3EGTcMLPtrXHDvVjc,176658,4
49,0.856,0.609,0,-7.223,1,0.0824,0.00801,8.15e-05,0.0344,0.928,114.988,audio_features,32OlwWuMpZ6b0aN2RZOeMS,spotify:track:32OlwWuMpZ6b0aN2RZOeMS,https://api.spotify.com/v1/tracks/32OlwWuMpZ6b0aN2RZOeMS,https://api.spotify.com/v1/audio-analysis/32OlwWuMpZ6b0aN2RZOeMS,269667,4
50,0.566,0.664,4,-5.303,0,0.0464,0.634,0.0,0.116,0.437,128.945,audio_features,3dYD57lRAUcMHufyqn9GcI,spotify:track:3dYD57lRAUcMHufyqn9GcI,https://api.spotify.com/v1/tracks/3dYD57lRAUcMHufyqn9GcI,https://api.spotify.com/v1/audio-analysis/3dYD57lRAUcMHufyqn9GcI,241688,4
51,0.748,0.788,1,-7.055,1,0.0334,0.0591,0.0,0.0863,0.884,120.076,audio_features,2iuZJX9X9P0GKaE93xcPjk,spotify:track:2iuZJX9X9P0GKaE93xcPjk,https://api.spotify.com/v1/tracks/2iuZJX9X9P0GKaE93xcPjk,https://api.spotify.com/v1/audio-analysis/2iuZJX9X9P0GKaE93xcPjk,235493,4
52,0.704,0.634,11,-7.374,0,0.0428,0.393,3.17e-05,0.0952,0.411,113.927,audio_features,1I8tHoNBFTuoJAlh4hfVVE,spotify:track:1I8tHoNBFTuoJAlh4hfVVE,https://api.spotify.com/v1/tracks/1I8tHoNBFTuoJAlh4hfVVE,https://api.spotify.com/v1/audio-analysis/1I8tHoNBFTuoJAlh4hfVVE,271640,4
53,0.673,0.902,2,-2.392,1,0.0346,0.0591,0.000262,0.0558,0.538,100.012,audio_features,5Hroj5K7vLpIG4FNCRIjbP,spotify:track:5Hroj5K7vLpIG4FNCRIjbP,https://api.spotify.com/v1/tracks/5Hroj5K7vLpIG4FNCRIjbP,https://api.spotify.com/v1/audio-analysis/5Hroj5K7vLpIG4FNCRIjbP,194240,4
54,0.66,0.685,2,-6.658,1,0.0477,0.0165,0.0,0.442,0.32,119.991,audio_features,2J4Alm5zUad4hB5bY2HhtV,spotify:track:2J4Alm5zUad4hB5bY2HhtV,https://api.spotify.com/v1/tracks/2J4Alm5zUad4hB5bY2HhtV,https://api.spotify.com/v1/audio-analysis/2J4Alm5zUad4hB5bY2HhtV,203160,4
55,0.473,0.898,6,-4.797,0,0.0561,0.00783,0.0618,0.173,0.808,96.556,audio_features,4aVuWgvD0X63hcOCnZtNFA,spotify:track:4aVuWgvD0X63hcOCnZtNFA,https://api.spotify.com/v1/tracks/4aVuWgvD0X63hcOCnZtNFA,https://api.spotify.com/v1/audio-analysis/4aVuWgvD0X63hcOCnZtNFA,235547,4
56,0.545,0.675,6,-6.474,1,0.0279,0.00617,0.00197,0.209,0.162,124.97,audio_features,0FDzzruyVECATHXKHFs9eJ,spotify:track:0FDzzruyVECATHXKHFs9eJ,https://api.spotify.com/v1/tracks/0FDzzruyVECATHXKHFs9eJ,https://api.spotify.com/v1/audio-analysis/0FDzzruyVECATHXKHFs9eJ,267867,4
57,0.66,0.805,1,-5.352,0,0.153,0.0192,8.83e-06,0.159,0.625,103.008,audio_features,7vS3Y0IKjde7Xg85LWIEdP,spotify:track:7vS3Y0IKjde7Xg85LWIEdP,https://api.spotify.com/v1/tracks/7vS3Y0IKjde7Xg85LWIEdP,https://api.spotify.com/v1/audio-analysis/7vS3Y0IKjde7Xg85LWIEdP,193920,4
58,0.645,0.585,6,-6.122,1,0.0513,0.00314,0.0,0.165,0.353,131.931,audio_features,5jrdCoLpJSvHHorevXBATy,spotify:track:5jrdCoLpJSvHHorevXBATy,https://api.spotify.com/v1/tracks/5jrdCoLpJSvHHorevXBATy,https://api.spotify.com/v1/audio-analysis/5jrdCoLpJSvHHorevXBATy,215672,4
59,0.818,0.67,8,-4.451,0,0.0472,0.304,1.22e-06,0.0601,0.939,119.988,audio_features,6K8qKeWo5MsFED7wCR6Kop,spotify:track:6K8qKeWo5MsFED7wCR6Kop,https://api.spotify.com/v1/tracks/6K8qKeWo5MsFED7wCR6Kop,https://api.spotify.com/v1/audio-analysis/6K8qKeWo5MsFED7wCR6Kop,235382,4
60,0.399,0.787,1,-2.88,1,0.0499,0.0197,6.07e-05,0.0685,0.572,117.089,audio_features,4VrWlk8IQxevMvERoX08iC,spotify:track:4VrWlk8IQxevMvERoX08iC,https://api.spotify.com/v1/tracks/4VrWlk8IQxevMvERoX08iC,https://api.spotify.com/v1/audio-analysis/4VrWlk8IQxevMvERoX08iC,216120,5
61,0.589,0.966,11,-4.106,1,0.0972,0.03,0.0,0.147,0.802,129.983,audio_features,3tgZ9vmhuAY9wEoNUJskzV,spotify:track:3tgZ9vmhuAY9wEoNUJskzV,https://api.spotify.com/v1/tracks/3tgZ9vmhuAY9wEoNUJskzV,https://api.spotify.com/v1/audio-analysis/3tgZ9vmhuAY9wEoNUJskzV,204200,4
62,0.829,0.51,5,-9.334,0,0.0369,0.00821,0.00143,0.0829,0.45,119.994,audio_features,1HFfMOxCAT4GAwaPfCdmUs,spotify:track:1HFfMOxCAT4GAwaPfCdmUs,https://api.spotify.com/v1/tracks/1HFfMOxCAT4GAwaPfCdmUs,https://api.spotify.com/v1/audio-analysis/1HFfMOxCAT4GAwaPfCdmUs,208133,4
63,0.495,0.894,2,-4.814,0,0.0441,0.00453,0.000596,0.103,0.213,126.03,audio_features,5TbzAWWc5eJaANpA9kfGCd,spotify:track:5TbzAWWc5eJaANpA9kfGCd,https://api.spotify.com/v1/tracks/5TbzAWWc5eJaANpA9kfGCd,https://api.spotify.com/v1/audio-analysis/5TbzAWWc5eJaANpA9kfGCd,239894,4
64,0.641,0.922,2,-4.457,1,0.0786,0.0291,0.0,0.0862,0.847,146.078,audio_features,3bidbhpOYeV4knp8AIu8Xn,spotify:track:3bidbhpOYeV4knp8AIu8Xn,https://api.spotify.com/v1/tracks/3bidbhpOYeV4knp8AIu8Xn,https://api.spotify.com/v1/audio-analysis/3bidbhpOYeV4knp8AIu8Xn,258343,4
65,0.49,0.885,3,-4.121,1,0.0396,0.00218,0.0,0.0741,0.64,166.996,audio_features,37sINbJZcFdHFAsVNsPq1i,spotify:track:37sINbJZcFdHFAsVNsPq1i,https://api.spotify.com/v1/tracks/37sINbJZcFdHFAsVNsPq1i,https://api.spotify.com/v1/audio-analysis/37sINbJZcFdHFAsVNsPq1i,245467,4
66,0.806,0.608,1,-7.008,1,0.0659,0.0113,0.0,0.635,0.849,95.049,audio_features,1huvTbEYtgltjQRXzrNKGi,spotify:track:1huvTbEYtgltjQRXzrNKGi,https://api.spotify.com/v1/tracks/1huvTbEYtgltjQRXzrNKGi,https://api.spotify.com/v1/audio-analysis/1huvTbEYtgltjQRXzrNKGi,219840,4
67,0.646,0.823,2,-4.123,0,0.0394,0.213,0.0,0.322,0.418,128.035,audio_features,7MmG8p0F9N3C4AXdK6o6Eb,spotify:track:7MmG8p0F9N3C4AXdK6o6Eb,https://api.spotify.com/v1/tracks/7MmG8p0F9N3C4AXdK6o6Eb,https://api.spotify.com/v1/audio-analysis/7MmG8p0F9N3C4AXdK6o6Eb,227267,4
68,0.545,0.783,5,-4.261,0,0.0345,0.00489,0.0,0.132,0.551,174.084,audio_features,1oew3nFNY3vMacJAsvry0S,spotify:track:1oew3nFNY3vMacJAsvry0S,https://api.spotify.com/v1/tracks/1oew3nFNY3vMacJAsvry0S,https://api.spotify.com/v1/audio-analysis/1oew3nFNY3vMacJAsvry0S,193733,4
69,0.697,0.621,9,-6.886,0,0.25,0.0802,0.0,0.162,0.721,81.946,audio_features,1MzXFDFEdndvOReLnoZ0p7,spotify:track:1MzXFDFEdndvOReLnoZ0p7,https://api.spotify.com/v1/tracks/1MzXFDFEdndvOReLnoZ0p7,https://api.spotify.com/v1/audio-analysis/1MzXFDFEdndvOReLnoZ0p7,193296,4
70,0.912,0.716,10,-4.141,0,0.0697,0.0904,0.0,0.0491,0.377,94.981,audio_features,3W3KtDwAIg3mAruSpnfG3Q,spotify:track:3W3KtDwAIg3mAruSpnfG3Q,https://api.spotify.com/v1/tracks/3W3KtDwAIg3mAruSpnfG3Q,https://api.spotify.com/v1/audio-analysis/3W3KtDwAIg3mAruSpnfG3Q,199938,4
71,0.554,0.772,7,-4.821,0,0.0418,0.00487,6.6e-06,0.354,0.455,179.984,audio_features,6F5c58TMEs1byxUstkzVeM,spotify:track:6F5c58TMEs1byxUstkzVeM,https://api.spotify.com/v1/tracks/6F5c58TMEs1byxUstkzVeM,https://api.spotify.com/v1/audio-analysis/6F5c58TMEs1byxUstkzVeM,223546,4
72,0.638,0.816,2,-5.503,1,0.0308,0.00149,0.00115,0.195,0.386,112.014,audio_features,77OuOZhDxJSQLYnNIpX2AG,spotify:track:77OuOZhDxJSQLYnNIpX2AG,https://api.spotify.com/v1/tracks/77OuOZhDxJSQLYnNIpX2AG,https://api.spotify.com/v1/audio-analysis/77OuOZhDxJSQLYnNIpX2AG,190014,4
73,0.614,0.972,5,-3.927,0,0.088,0.00125,0.0186,0.328,0.411,127.966,audio_features,6eIacmhkE82vZlMDnGS7aP,spotify:track:6eIacmhkE82vZlMDnGS7aP,https://api.spotify.com/v1/tracks/6eIacmhkE82vZlMDnGS7aP,https://api.spotify.com/v1/audio-analysis/6eIacmhkE82vZlMDnGS7aP,170625,4
74,0.726,0.698,5,-4.165,1,0.0431,0.049,0.0,0.309,0.867,143.994,audio_features,3w3y8KPTfNeOKPiqUTakBh,spotify:track:3w3y8KPTfNeOKPiqUTakBh,https://api.spotify.com/v1/tracks/3w3y8KPTfNeOKPiqUTakBh,https://api.spotify.com/v1/audio-analysis/3w3y8KPTfNeOKPiqUTakBh,233478,4
75,0.695,0.869,8,-5.066,1,0.0483,0.41,0.0,0.237,0.58,124.989,audio_features,05SBRd4fXgn8FX7bf8BCAE,spotify:track:05SBRd4fXgn8FX7bf8BCAE,https://api.spotify.com/v1/tracks/05SBRd4fXgn8FX7bf8BCAE,https://api.spotify.com/v1/audio-analysis/05SBRd4fXgn8FX7bf8BCAE,234507,4
76,0.694,0.81,11,-3.556,0,0.0661,0.122,0.0,0.141,0.824,137.968,audio_features,7o1Pm9jpH0wFpN5g793Lnq,spotify:track:7o1Pm9jpH0wFpN5g793Lnq,https://api.spotify.com/v1/tracks/7o1Pm9jpH0wFpN5g793Lnq,https://api.spotify.com/v1/audio-analysis/7o1Pm9jpH0wFpN5g793Lnq,206867,4
77,0.688,0.841,2,-5.217,1,0.179,0.204,0.000295,0.229,0.743,133.912,audio_features,5XX9oGZfgKMXdHnEp4t2JB,spotify:track:5XX9oGZfgKMXdHnEp4t2JB,https://api.spotify.com/v1/tracks/5XX9oGZfgKMXdHnEp4t2JB,https://api.spotify.com/v1/audio-analysis/5XX9oGZfgKMXdHnEp4t2JB,192670,4
78,0.69,0.578,6,-7.436,1,0.0929,0.167,0.0,0.305,0.416,99.961,audio_features,3G6hD9B2ZHOsgf4WfNu7X1,spotify:track:3G6hD9B2ZHOsgf4WfNu7X1,https://api.spotify.com/v1/tracks/3G6hD9B2ZHOsgf4WfNu7X1,https://api.spotify.com/v1/audio-analysis/3G6hD9B2ZHOsgf4WfNu7X1,193059,4
79,0.853,0.599,7,-4.756,1,0.0411,0.00334,7.93e-06,0.0759,0.843,119.993,audio_features,0n4bITAu0Y0nigrz3MFJMb,spotify:track:0n4bITAu0Y0nigrz3MFJMb,https://api.spotify.com/v1/tracks/0n4bITAu0Y0nigrz3MFJMb,https://api.spotify.com/v1/audio-analysis/0n4bITAu0Y0nigrz3MFJMb,263827,4
80,0.654,0.83,10,-4.801,1,0.0366,0.000629,1.13e-06,0.121,0.548,124.989,audio_features,5L2l7mI8J1USMzhsmdjat9,spotify:track:5L2l7mI8J1USMzhsmdjat9,https://api.spotify.com/v1/tracks/5L2l7mI8J1USMzhsmdjat9,https://api.spotify.com/v1/audio-analysis/5L2l7mI8J1USMzhsmdjat9,262200,4
81,0.717,0.455,5,-8.303,1,0.0276,0.0846,0.0,0.11,0.389,127.812,audio_features,2ixsaeFioXJmMgkkbd4uj1,spotify:track:2ixsaeFioXJmMgkkbd4uj1,https://api.spotify.com/v1/tracks/2ixsaeFioXJmMgkkbd4uj1,https://api.spotify.com/v1/audio-analysis/2ixsaeFioXJmMgkkbd4uj1,200733,4
82,0.838,0.72,7,-4.135,0,0.0483,0.0862,0.00696,0.0772,0.203,122.993,audio_features,51tUT1gHE30GQPhn1agudM,spotify:track:51tUT1gHE30GQPhn1agudM,https://api.spotify.com/v1/tracks/51tUT1gHE30GQPhn1agudM,https://api.spotify.com/v1/audio-analysis/51tUT1gHE30GQPhn1agudM,251987,4
83,0.533,0.755,11,-7.25,0,0.0419,0.0332,0.0,0.233,0.472,86.034,audio_features,4e6ZN0EcEqYx74BTC5xQzy,spotify:track:4e6ZN0EcEqYx74BTC5xQzy,https://api.spotify.com/v1/tracks/4e6ZN0EcEqYx74BTC5xQzy,https://api.spotify.com/v1/audio-analysis/4e6ZN0EcEqYx74BTC5xQzy,255907,4
84,0.699,0.529,2,-7.548,1,0.0487,0.0317,3.59e-05,0.285,0.121,119.987,audio_features,3DmW6y7wTEYHJZlLo1r6XJ,spotify:track:3DmW6y7wTEYHJZlLo1r6XJ,https://api.spotify.com/v1/tracks/3DmW6y7wTEYHJZlLo1r6XJ,https://api.spotify.com/v1/audio-analysis/3DmW6y7wTEYHJZlLo1r6XJ,206167,4
85,0.68,0.84,9,-3.823,1,0.0414,0.0457,8.66e-06,0.143,0.468,104.975,audio_features,5TI9vxJAI5K069uic9AmTq,spotify:track:5TI9vxJAI5K069uic9AmTq,https://api.spotify.com/v1/tracks/5TI9vxJAI5K069uic9AmTq,https://api.spotify.com/v1/audio-analysis/5TI9vxJAI5K069uic9AmTq,213213,4
86,0.72,0.791,1,-4.689,1,0.124,0.0384,0.0,0.157,0.756,102.071,audio_features,6FE2iI43OZnszFLuLtvvmg,spotify:track:6FE2iI43OZnszFLuLtvvmg,https://api.spotify.com/v1/tracks/6FE2iI43OZnszFLuLtvvmg,https://api.spotify.com/v1/audio-analysis/6FE2iI43OZnszFLuLtvvmg,175427,4
87,0.76,0.652,6,-7.321,1,0.232,0.0348,0.0,0.307,0.759,100.315,audio_features,4X4tgBEUiT6WqB2oTJ5ynH,spotify:track:4X4tgBEUiT6WqB2oTJ5ynH,https://api.spotify.com/v1/tracks/4X4tgBEUiT6WqB2oTJ5ynH,https://api.spotify.com/v1/audio-analysis/4X4tgBEUiT6WqB2oTJ5ynH,177685,4
88,0.503,0.727,1,-5.456,1,0.167,0.0159,9.45e-05,0.0895,0.521,121.985,audio_features,51ODNNDZm21HU7wI7cccRr,spotify:track:51ODNNDZm21HU7wI7cccRr,https://api.spotify.com/v1/tracks/51ODNNDZm21HU7wI7cccRr,https://api.spotify.com/v1/audio-analysis/51ODNNDZm21HU7wI7cccRr,255632,4
89,0.494,0.951,9,-4.237,1,0.132,0.000569,0.0,0.327,0.441,160.025,audio_features,1CQ2cMfrmFM1YdfmjENKVE,spotify:track:1CQ2cMfrmFM1YdfmjENKVE,https://api.spotify.com/v1/tracks/1CQ2cMfrmFM1YdfmjENKVE,https://api.spotify.com/v1/audio-analysis/1CQ2cMfrmFM1YdfmjENKVE,202496,4
90,0.736,0.677,4,-7.036,0,0.0352,0.00114,0.844,0.0949,0.0747,121.01,audio_features,5JCi3pyggvk4B0yd0BK3ow,spotify:track:5JCi3pyggvk4B0yd0BK3ow,https://api.spotify.com/v1/tracks/5JCi3pyggvk4B0yd0BK3ow,https://api.spotify.com/v1/audio-analysis/5JCi3pyggvk4B0yd0BK3ow,258387,4
91,0.53,0.422,5,-6.262,1,0.0342,0.407,0.0,0.107,0.349,119.964,audio_features,2vwlzO0Qp8kfEtzTsCXfyE,spotify:track:2vwlzO0Qp8kfEtzTsCXfyE,https://api.spotify.com/v1/tracks/2vwlzO0Qp8kfEtzTsCXfyE,https://api.spotify.com/v1/audio-analysis/2vwlzO0Qp8kfEtzTsCXfyE,221360,4
92,0.874,0.692,5,-5.28,0,0.0431,0.0412,7.24e-05,0.324,0.937,116.017,audio_features,55h7vJchibLdUkxdlX3fK7,spotify:track:55h7vJchibLdUkxdlX3fK7,https://api.spotify.com/v1/tracks/55h7vJchibLdUkxdlX3fK7,https://api.spotify.com/v1/audio-analysis/55h7vJchibLdUkxdlX3fK7,178560,4
93,0.592,0.935,6,-4.317,0,0.0581,0.00879,0.0154,0.132,0.567,125.013,audio_features,1PCvKFPWnTXAe2oaReVUcr,spotify:track:1PCvKFPWnTXAe2oaReVUcr,https://api.spotify.com/v1/tracks/1PCvKFPWnTXAe2oaReVUcr,https://api.spotify.com/v1/audio-analysis/1PCvKFPWnTXAe2oaReVUcr,222520,4
94,0.604,0.787,0,-3.674,0,0.103,0.0679,0.15,0.127,0.301,126.062,audio_features,2dOTkLZFbpNXrhc24CnTFd,spotify:track:2dOTkLZFbpNXrhc24CnTFd,https://api.spotify.com/v1/tracks/2dOTkLZFbpNXrhc24CnTFd,https://api.spotify.com/v1/audio-analysis/2dOTkLZFbpNXrhc24CnTFd,245040,4
95,0.572,0.81,1,-5.791,0,0.0558,0.0157,6.53e-06,0.13,0.11,126.052,audio_features,6PUIzlqotEmPuBfjbwYWOB,spotify:track:6PUIzlqotEmPuBfjbwYWOB,https://api.spotify.com/v1/tracks/6PUIzlqotEmPuBfjbwYWOB,https://api.spotify.com/v1/audio-analysis/6PUIzlqotEmPuBfjbwYWOB,214912,4
96,0.606,0.72,5,-6.253,0,0.0283,0.000149,0.00165,0.0745,0.178,127.985,audio_features,1mzGywacjpeik00PVLBPpF,spotify:track:1mzGywacjpeik00PVLBPpF,https://api.spotify.com/v1/tracks/1mzGywacjpeik00PVLBPpF,https://api.spotify.com/v1/audio-analysis/1mzGywacjpeik00PVLBPpF,251613,4
97,0.6,0.663,3,-5.802,1,0.0477,0.225,0.0,0.119,0.286,121.07,audio_features,4nVBt6MZDDP6tRVdQTgxJg,spotify:track:4nVBt6MZDDP6tRVdQTgxJg,https://api.spotify.com/v1/tracks/4nVBt6MZDDP6tRVdQTgxJg,https://api.spotify.com/v1/audio-analysis/4nVBt6MZDDP6tRVdQTgxJg,245493,4
98,0.596,0.738,8,-3.109,1,0.0411,0.109,0.0,0.0947,0.461,127.961,audio_features,4bT2zLVv2T4GiK9q9KtI0v,spotify:track:4bT2zLVv2T4GiK9q9KtI0v,https://api.spotify.com/v1/tracks/4bT2zLVv2T4GiK9q9KtI0v,https://api.spotify.com/v1/audio-analysis/4bT2zLVv2T4GiK9q9KtI0v,217347,4
99,0.753,0.801,4,-3.215,1,0.0296,0.403,0.0,0.128,0.794,128.011,audio_features,2ia7iiEtpiOL2ZVuWxBZGB,spotify:track:2ia7iiEtpiOL2ZVuWxBZGB,https://api.spotify.com/v1/tracks/2ia7iiEtpiOL2ZVuWxBZGB,https://api.spotify.com/v1/audio-analysis/2ia7iiEtpiOL2ZVuWxBZGB,203467,4
100,0.337,0.717,2,-5.772,1,0.165,0.309,0.0,0.418,0.444,84.729,audio_features,1A2UmLDZzDmpdzUjEkCc3z,spotify:track:1A2UmLDZzDmpdzUjEkCc3z,https://api.spotify.com/v1/tracks/1A2UmLDZzDmpdzUjEkCc3z,https://api.spotify.com/v1/audio-analysis/1A2UmLDZzDmpdzUjEkCc3z,266533,4
101,0.775,0.825,7,-5.402,1,0.0464,0.0506,1.03e-06,0.111,0.95,139.091,audio_features,6gj08XDlv9Duc2fPOxUmVD,spotify:track:6gj08XDlv9Duc2fPOxUmVD,https://api.spotify.com/v1/tracks/6gj08XDlv9Duc2fPOxUmVD,https://api.spotify.com/v1/audio-analysis/6gj08XDlv9Duc2fPOxUmVD,182667,4
102,0.782,0.685,4,-6.237,1,0.0309,0.166,1.18e-05,0.16,0.603,118.016,audio_features,7vFoFDWqTX0mHzLfrF1Cfy,spotify:track:7vFoFDWqTX0mHzLfrF1Cfy,https://api.spotify.com/v1/tracks/7vFoFDWqTX0mHzLfrF1Cfy,https://api.spotify.com/v1/audio-analysis/7vFoFDWqTX0mHzLfrF1Cfy,180566,4
103,0.884,0.581,11,-8.813,1,0.0378,0.427,0.000206,0.0759,0.728,114.016,audio_features,34xGLuxM0rkxhCVyMSqwJO,spotify:track:34xGLuxM0rkxhCVyMSqwJO,https://api.spotify.com/v1/tracks/34xGLuxM0rkxhCVyMSqwJO,https://api.spotify.com/v1/audio-analysis/34xGLuxM0rkxhCVyMSqwJO,313684,4
104,0.564,0.71,11,-4.92,0,0.0461,0.00125,0.0,0.109,0.393,91.972,audio_features,6O20JhBJPePEkBdrB5sqRx,spotify:track:6O20JhBJPePEkBdrB5sqRx,https://api.spotify.com/v1/tracks/6O20JhBJPePEkBdrB5sqRx,https://api.spotify.com/v1/audio-analysis/6O20JhBJPePEkBdrB5sqRx,225147,4
105,0.778,0.547,2,-7.273,1,0.0489,0.346,0.000302,0.132,0.441,95.002,audio_features,1mKXFLRA179hdOWQBwUk9e,spotify:track:1mKXFLRA179hdOWQBwUk9e,https://api.spotify.com/v1/tracks/1mKXFLRA179hdOWQBwUk9e,https://api.spotify.com/v1/audio-analysis/1mKXFLRA179hdOWQBwUk9e,242733,4
106,0.773,0.414,6,-7.436,0,0.0961,0.00411,3.4e-05,0.0733,0.289,99.993,audio_features,6jdOi5U5LBzQrc4c1VT983,spotify:track:6jdOi5U5LBzQrc4c1VT983,https://api.spotify.com/v1/tracks/6jdOi5U5LBzQrc4c1VT983,https://api.spotify.com/v1/audio-analysis/6jdOi5U5LBzQrc4c1VT983,227880,4
107,0.578,0.866,1,-3.804,1,0.0619,0.00701,0.0,0.257,0.619,128.038,audio_features,4kbj5MwxO1bq9wjT5g9HaA,spotify:track:4kbj5MwxO1bq9wjT5g9HaA,https://api.spotify.com/v1/tracks/4kbj5MwxO1bq9wjT5g9HaA,https://api.spotify.com/v1/audio-analysis/4kbj5MwxO1bq9wjT5g9HaA,199080,4
108,0.636,0.761,9,-7.752,0,0.035,0.00377,0.00784,0.0851,0.463,120.837,audio_features,023H4I7HJnxRqsc9cqeFKV,spotify:track:023H4I7HJnxRqsc9cqeFKV,https://api.spotify.com/v1/tracks/023H4I7HJnxRqsc9cqeFKV,https://api.spotify.com/v1/audio-analysis/023H4I7HJnxRqsc9cqeFKV,285596,4
109,0.472,0.714,1,-4.389,0,0.0334,0.00937,0.0,0.0764,0.24,98.992,audio_features,5J4ZkQpzMUFojo1CtAZYpn,spotify:track:5J4ZkQpzMUFojo1CtAZYpn,https://api.spotify.com/v1/tracks/5J4ZkQpzMUFojo1CtAZYpn,https://api.spotify.com/v1/audio-analysis/5J4ZkQpzMUFojo1CtAZYpn,236133,4
110,0.262,0.606,8,-6.646,1,0.0484,0.247,0.0,0.125,0.275,189.857,audio_features,3zHq9ouUJQFQRf3cm1rRLu,spotify:track:3zHq9ouUJQFQRf3cm1rRLu,https://api.spotify.com/v1/tracks/3zHq9ouUJQFQRf3cm1rRLu,https://api.spotify.com/v1/audio-analysis/3zHq9ouUJQFQRf3cm1rRLu,252534,4
111,0.706,0.728,7,-3.602,1,0.0852,0.123,0.0,0.185,0.851,121.017,audio_features,3xSp2wM7K4wrjZivuCRwox,spotify:track:3xSp2wM7K4wrjZivuCRwox,https://api.spotify.com/v1/tracks/3xSp2wM7K4wrjZivuCRwox,https://api.spotify.com/v1/audio-analysis/3xSp2wM7K4wrjZivuCRwox,201600,4
112,0.509,0.781,8,-3.48,1,0.072,0.0398,0.0,0.0749,0.176,128.0,audio_features,60wwxj6Dd9NJlirf84wr2c,spotify:track:60wwxj6Dd9NJlirf84wr2c,https://api.spotify.com/v1/tracks/60wwxj6Dd9NJlirf84wr2c,https://api.spotify.com/v1/audio-analysis/60wwxj6Dd9NJlirf84wr2c,271427,4
113,0.813,0.616,8,-7.571,1,0.0495,0.000132,0.705,0.0658,0.744,119.977,audio_features,4N1MFKjziFHH4IS3RYYUrU,spotify:track:4N1MFKjziFHH4IS3RYYUrU,https://api.spotify.com/v1/tracks/4N1MFKjziFHH4IS3RYYUrU,https://api.spotify.com/v1/audio-analysis/4N1MFKjziFHH4IS3RYYUrU,259934,4
114,0.669,0.78,7,-4.287,0,0.053,0.0265,1.63e-06,0.143,0.738,139.945,audio_features,5ka2ajep9OAvU5Sgduhiex,spotify:track:5ka2ajep9OAvU5Sgduhiex,https://api.spotify.com/v1/tracks/5ka2ajep9OAvU5Sgduhiex,https://api.spotify.com/v1/audio-analysis/5ka2ajep9OAvU5Sgduhiex,212333,4
115,0.711,0.906,8,-2.671,1,0.0284,0.00952,1.64e-05,0.153,0.824,125.916,audio_features,1rhXXcrYp9RRObN5gsmqCU,spotify:track:1rhXXcrYp9RRObN5gsmqCU,https://api.spotify.com/v1/tracks/1rhXXcrYp9RRObN5gsmqCU,https://api.spotify.com/v1/audio-analysis/1rhXXcrYp9RRObN5gsmqCU,157153,4
116,0.574,0.512,5,-6.664,0,0.0503,0.234,0.0,0.0946,0.512,76.899,audio_features,4rHZZAmHpZrA3iH5zx8frV,spotify:track:4rHZZAmHpZrA3iH5zx8frV,https://api.spotify.com/v1/tracks/4rHZZAmHpZrA3iH5zx8frV,https://api.spotify.com/v1/audio-analysis/4rHZZAmHpZrA3iH5zx8frV,484147,4
117,0.716,0.821,5,-3.435,0,0.0314,0.0558,0.0,0.0844,0.618,92.997,audio_features,6cpk00i5TxCqSeqNi2HuIe,spotify:track:6cpk00i5TxCqSeqNi2HuIe,https://api.spotify.com/v1/tracks/6cpk00i5TxCqSeqNi2HuIe,https://api.spotify.com/v1/audio-analysis/6cpk00i5TxCqSeqNi2HuIe,219547,4
118,0.612,0.84,11,-3.145,0,0.0509,0.112,0.0,0.116,0.438,129.042,audio_features,2V65y3PX4DkRhy1djlxd9p,spotify:track:2V65y3PX4DkRhy1djlxd9p,https://api.spotify.com/v1/tracks/2V65y3PX4DkRhy1djlxd9p,https://api.spotify.com/v1/audio-analysis/2V65y3PX4DkRhy1djlxd9p,212862,4
119,0.775,0.68,0,-5.508,0,0.0629,0.00906,0.0,0.109,0.656,114.025,audio_features,7oGZAicScQt96OAW4AruYy,spotify:track:7oGZAicScQt96OAW4AruYy,https://api.spotify.com/v1/tracks/7oGZAicScQt96OAW4AruYy,https://api.spotify.com/v1/audio-analysis/7oGZAicScQt96OAW4AruYy,207719,4
120,0.536,0.768,10,-5.948,0,0.0347,0.00433,0.0,0.114,0.545,77.217,audio_features,2Bs4jQEGMycglOfWPBqrVG,spotify:track:2Bs4jQEGMycglOfWPBqrVG,https://api.spotify.com/v1/tracks/2Bs4jQEGMycglOfWPBqrVG,https://api.spotify.com/v1/audio-analysis/2Bs4jQEGMycglOfWPBqrVG,228133,4
121,0.733,0.65,5,-3.539,1,0.0315,0.0703,6.59e-05,0.0829,0.348,110.003,audio_features,18AJRdgUoO9EYn11N7xzaT,spotify:track:18AJRdgUoO9EYn11N7xzaT,https://api.spotify.com/v1/tracks/18AJRdgUoO9EYn11N7xzaT,https://api.spotify.com/v1/audio-analysis/18AJRdgUoO9EYn11N7xzaT,209160,4
122,0.721,0.802,1,-5.797,1,0.0583,0.0921,0.0,0.694,0.724,124.022,audio_features,2bJvI42r8EF3wxjOuDav4r,spotify:track:2bJvI42r8EF3wxjOuDav4r,https://api.spotify.com/v1/tracks/2bJvI42r8EF3wxjOuDav4r,https://api.spotify.com/v1/audio-analysis/2bJvI42r8EF3wxjOuDav4r,229360,4
123,0.689,0.481,10,-7.503,1,0.0815,0.369,1.03e-06,0.0649,0.283,80.025,audio_features,2JzZzZUQj3Qff7wapcbKjc,spotify:track:2JzZzZUQj3Qff7wapcbKjc,https://api.spotify.com/v1/tracks/2JzZzZUQj3Qff7wapcbKjc,https://api.spotify.com/v1/audio-analysis/2JzZzZUQj3Qff7wapcbKjc,229526,4
124,0.656,0.884,2,-4.748,1,0.0372,0.0162,0.0,0.144,0.86,105.009,audio_features,7MXlTgQeo3IVlMpLnZuhxc,spotify:track:7MXlTgQeo3IVlMpLnZuhxc,https://api.spotify.com/v1/tracks/7MXlTgQeo3IVlMpLnZuhxc,https://api.spotify.com/v1/audio-analysis/7MXlTgQeo3IVlMpLnZuhxc,240307,4
125,0.65,0.786,9,-5.488,1,0.0463,0.019,0.0,0.323,0.446,124.96,audio_features,3qqho4PnTn3zlMPBzWhFFD,spotify:track:3qqho4PnTn3zlMPBzWhFFD,https://api.spotify.com/v1/tracks/3qqho4PnTn3zlMPBzWhFFD,https://api.spotify.com/v1/audio-analysis/3qqho4PnTn3zlMPBzWhFFD,198307,4
126,0.746,0.754,1,-6.684,1,0.0676,0.0152,0.0,0.0486,0.746,149.882,audio_features,3zkWCteF82vJwv0hRLba76,spotify:track:3zkWCteF82vJwv0hRLba76,https://api.spotify.com/v1/tracks/3zkWCteF82vJwv0hRLba76,https://api.spotify.com/v1/audio-analysis/3zkWCteF82vJwv0hRLba76,206880,4
127,0.884,0.765,8,-3.865,1,0.0882,0.063,7.04e-06,0.118,0.594,99.987,audio_features,41Fflg7qHiVOD6dEPvsCzO,spotify:track:41Fflg7qHiVOD6dEPvsCzO,https://api.spotify.com/v1/tracks/41Fflg7qHiVOD6dEPvsCzO,https://api.spotify.com/v1/audio-analysis/41Fflg7qHiVOD6dEPvsCzO,224573,4
128,0.613,0.622,1,-5.794,0,0.0334,0.00882,0.0,0.37,0.484,80.003,audio_features,2y4lAQpi5VTNLu2ldeTdUH,spotify:track:2y4lAQpi5VTNLu2ldeTdUH,https://api.spotify.com/v1/tracks/2y4lAQpi5VTNLu2ldeTdUH,https://api.spotify.com/v1/audio-analysis/2y4lAQpi5VTNLu2ldeTdUH,231240,4
129,0.62,0.805,5,-5.538,1,0.0417,0.00564,9.15e-05,0.285,0.586,122.062,audio_features,2hHLbkatPwOOmrNxTiD41L,spotify:track:2hHLbkatPwOOmrNxTiD41L,https://api.spotify.com/v1/tracks/2hHLbkatPwOOmrNxTiD41L,https://api.spotify.com/v1/audio-analysis/2hHLbkatPwOOmrNxTiD41L,204764,4
130,0.421,0.873,10,-4.343,1,0.0564,0.0654,0.0,0.123,0.629,84.786,audio_features,7wMq5n8mYSKlQIGECKUgTX,spotify:track:7wMq5n8mYSKlQIGECKUgTX,https://api.spotify.com/v1/tracks/7wMq5n8mYSKlQIGECKUgTX,https://api.spotify.com/v1/audio-analysis/7wMq5n8mYSKlQIGECKUgTX,202533,4
131,0.551,0.836,10,-3.838,0,0.0524,0.00502,2.1e-05,0.0425,0.758,185.063,audio_features,6Uy6K3KdmUdAfelUp0SeXn,spotify:track:6Uy6K3KdmUdAfelUp0SeXn,https://api.spotify.com/v1/tracks/6Uy6K3KdmUdAfelUp0SeXn,https://api.spotify.com/v1/audio-analysis/6Uy6K3KdmUdAfelUp0SeXn,220573,4
132,0.668,0.758,7,-3.589,1,0.158,0.0338,0.0,0.204,0.531,135.958,audio_features,4yOn1TEcfsKHUJCL2h1r8I,spotify:track:4yOn1TEcfsKHUJCL2h1r8I,https://api.spotify.com/v1/tracks/4yOn1TEcfsKHUJCL2h1r8I,https://api.spotify.com/v1/audio-analysis/4yOn1TEcfsKHUJCL2h1r8I,229507,4
133,0.743,0.752,4,-4.813,1,0.0414,0.0188,0.0,0.287,0.545,110.015,audio_features,1XGmzt0PVuFgQYYnV2It7A,spotify:track:1XGmzt0PVuFgQYYnV2It7A,https://api.spotify.com/v1/tracks/1XGmzt0PVuFgQYYnV2It7A,https://api.spotify.com/v1/audio-analysis/1XGmzt0PVuFgQYYnV2It7A,231173,4
134,0.684,0.71,11,-3.614,0,0.0779,0.0132,0.0,0.444,0.451,93.007,audio_features,5NQJnRpJHRaupdegphntQT,spotify:track:5NQJnRpJHRaupdegphntQT,https://api.spotify.com/v1/tracks/5NQJnRpJHRaupdegphntQT,https://api.spotify.com/v1/audio-analysis/5NQJnRpJHRaupdegphntQT,222187,4
135,0.734,0.766,1,-4.485,1,0.0383,0.025,0.00138,0.108,0.6,127.986,audio_features,6qn9YLKt13AGvpq9jfO8py,spotify:track:6qn9YLKt13AGvpq9jfO8py,https://api.spotify.com/v1/tracks/6qn9YLKt13AGvpq9jfO8py,https://api.spotify.com/v1/audio-analysis/6qn9YLKt13AGvpq9jfO8py,215227,4
136,0.711,0.7,1,-4.805,0,0.046,0.00498,0.000125,0.215,0.801,128.001,audio_features,7EQGXaVSyEDsCWKmUcfpLk,spotify:track:7EQGXaVSyEDsCWKmUcfpLk,https://api.spotify.com/v1/tracks/7EQGXaVSyEDsCWKmUcfpLk,https://api.spotify.com/v1/audio-analysis/7EQGXaVSyEDsCWKmUcfpLk,211920,4
137,0.781,0.526,6,-6.986,0,0.293,0.0633,0.0,0.0457,0.665,94.993,audio_features,6CjtS2JZH9RkDz5UVInsa9,spotify:track:6CjtS2JZH9RkDz5UVInsa9,https://api.spotify.com/v1/tracks/6CjtS2JZH9RkDz5UVInsa9,https://api.spotify.com/v1/audio-analysis/6CjtS2JZH9RkDz5UVInsa9,235613,4
138,0.546,0.787,7,-4.1,0,0.0517,0.0101,0.00021,0.0809,0.573,79.979,audio_features,6LoQHIo74tOzQ8EsLEkhgF,spotify:track:6LoQHIo74tOzQ8EsLEkhgF,https://api.spotify.com/v1/tracks/6LoQHIo74tOzQ8EsLEkhgF,https://api.spotify.com/v1/audio-analysis/6LoQHIo74tOzQ8EsLEkhgF,231987,4
139,0.73,0.703,0,-5.672,0,0.0369,0.109,0.0,0.0657,0.595,138.113,audio_features,2K87XMYnUMqLcX3zvtAF4G,spotify:track:2K87XMYnUMqLcX3zvtAF4G,https://api.spotify.com/v1/tracks/2K87XMYnUMqLcX3zvtAF4G,https://api.spotify.com/v1/audio-analysis/2K87XMYnUMqLcX3zvtAF4G,192120,4
140,0.612,0.28,0,-8.648,1,0.0434,0.932,0.0,0.088,0.387,72.795,audio_features,0nJW01T7XtvILxQgC5J7Wh,spotify:track:0nJW01T7XtvILxQgC5J7Wh,https://api.spotify.com/v1/tracks/0nJW01T7XtvILxQgC5J7Wh,https://api.spotify.com/v1/audio-analysis/0nJW01T7XtvILxQgC5J7Wh,213827,4
141,0.705,0.769,9,-5.526,0,0.0425,0.113,0.0,0.105,0.583,107.949,audio_features,22VdIZQfgXJea34mQxlt81,spotify:track:22VdIZQfgXJea34mQxlt81,https://api.spotify.com/v1/tracks/22VdIZQfgXJea34mQxlt81,https://api.spotify.com/v1/audio-analysis/22VdIZQfgXJea34mQxlt81,213520,4
142,0.657,0.827,5,-4.036,1,0.0734,0.000704,0.00534,0.065,0.69,145.889,audio_features,760klboT1E03jUt7CiVhbV,spotify:track:760klboT1E03jUt7CiVhbV,https://api.spotify.com/v1/tracks/760klboT1E03jUt7CiVhbV,https://api.spotify.com/v1/audio-analysis/760klboT1E03jUt7CiVhbV,190186,4
143,0.783,0.58,7,-6.548,1,0.0408,0.0114,2.28e-06,0.108,0.66,120.021,audio_features,20I6sIOMTCkB6w7ryavxtO,spotify:track:20I6sIOMTCkB6w7ryavxtO,https://api.spotify.com/v1/tracks/20I6sIOMTCkB6w7ryavxtO,https://api.spotify.com/v1/audio-analysis/20I6sIOMTCkB6w7ryavxtO,193400,4
144,0.722,0.761,11,-4.459,0,0.0475,0.0117,0.0,0.315,0.624,128.044,audio_features,7pYfyrMNPn3wtoCyqcTVoI,spotify:track:7pYfyrMNPn3wtoCyqcTVoI,https://api.spotify.com/v1/tracks/7pYfyrMNPn3wtoCyqcTVoI,https://api.spotify.com/v1/audio-analysis/7pYfyrMNPn3wtoCyqcTVoI,201493,4
145,0.722,0.851,7,-3.873,0,0.0639,0.0319,0.0,0.108,0.452,126.885,audio_features,5yDL13y5giogKs2fSNf7sj,spotify:track:5yDL13y5giogKs2fSNf7sj,https://api.spotify.com/v1/tracks/5yDL13y5giogKs2fSNf7sj,https://api.spotify.com/v1/audio-analysis/5yDL13y5giogKs2fSNf7sj,197936,4
146,0.504,0.785,8,-4.802,1,0.104,0.0738,0.0,0.239,0.502,173.968,audio_features,4v0hWD4N6qefyFrmSGLjTV,spotify:track:4v0hWD4N6qefyFrmSGLjTV,https://api.spotify.com/v1/tracks/4v0hWD4N6qefyFrmSGLjTV,https://api.spotify.com/v1/audio-analysis/4v0hWD4N6qefyFrmSGLjTV,210840,4
147,0.628,0.593,8,-5.036,1,0.0323,0.093,1.65e-06,0.096,0.104,125.026,audio_features,7xoUc6faLbCqZO6fQEYprd,spotify:track:7xoUc6faLbCqZO6fQEYprd,https://api.spotify.com/v1/tracks/7xoUc6faLbCqZO6fQEYprd,https://api.spotify.com/v1/audio-analysis/7xoUc6faLbCqZO6fQEYprd,197267,4
148,0.56,0.872,3,-4.269,1,0.14,0.0239,6.98e-06,0.371,0.682,126.05,audio_features,1kPpge9JDLpcj15qgrPbYX,spotify:track:1kPpge9JDLpcj15qgrPbYX,https://api.spotify.com/v1/tracks/1kPpge9JDLpcj15qgrPbYX,https://api.spotify.com/v1/audio-analysis/1kPpge9JDLpcj15qgrPbYX,205933,4
149,0.755,0.837,2,-2.718,0,0.142,0.0991,0.0,0.289,0.714,120.028,audio_features,0HPD5WQqrq7wPWR7P7Dw1i,spotify:track:0HPD5WQqrq7wPWR7P7Dw1i,https://api.spotify.com/v1/tracks/0HPD5WQqrq7wPWR7P7Dw1i,https://api.spotify.com/v1/audio-analysis/0HPD5WQqrq7wPWR7P7Dw1i,199693,4
150,0.562,0.939,0,-4.282,1,0.0475,0.046,0.0,0.112,0.684,116.044,audio_features,1nInOsHbtotAmEOQhtvnzP,spotify:track:1nInOsHbtotAmEOQhtvnzP,https://api.spotify.com/v1/tracks/1nInOsHbtotAmEOQhtvnzP,https://api.spotify.com/v1/audio-analysis/1nInOsHbtotAmEOQhtvnzP,221947,4
151,0.747,0.716,11,-2.457,0,0.075,0.135,0.0,0.251,0.751,125.008,audio_features,2EBCVPNAG46nbgs6jXPGvv,spotify:track:2EBCVPNAG46nbgs6jXPGvv,https://api.spotify.com/v1/tracks/2EBCVPNAG46nbgs6jXPGvv,https://api.spotify.com/v1/audio-analysis/2EBCVPNAG46nbgs6jXPGvv,210627,4
152,0.747,0.937,0,-5.746,1,0.0453,0.0208,0.0,0.29,0.739,103.976,audio_features,3bC1ahPIYt1btJzSSEyyrF,spotify:track:3bC1ahPIYt1btJzSSEyyrF,https://api.spotify.com/v1/tracks/3bC1ahPIYt1btJzSSEyyrF,https://api.spotify.com/v1/audio-analysis/3bC1ahPIYt1btJzSSEyyrF,224653,4
153,0.772,0.685,5,-6.849,1,0.0696,0.019,8.96e-05,0.131,0.501,130.033,audio_features,2iJuuzV8P9Yz0VSurttIV5,spotify:track:2iJuuzV8P9Yz0VSurttIV5,https://api.spotify.com/v1/tracks/2iJuuzV8P9Yz0VSurttIV5,https://api.spotify.com/v1/audio-analysis/2iJuuzV8P9Yz0VSurttIV5,283400,4
154,0.635,0.841,5,-5.379,1,0.0422,0.0134,0.0,0.0622,0.424,109.021,audio_features,47Slg6LuqLaX0VodpSCvPt,spotify:track:47Slg6LuqLaX0VodpSCvPt,https://api.spotify.com/v1/tracks/47Slg6LuqLaX0VodpSCvPt,https://api.spotify.com/v1/audio-analysis/47Slg6LuqLaX0VodpSCvPt,220734,4
155,0.378,0.638,10,-5.576,1,0.075,0.02,7.66e-05,0.0849,0.735,184.086,audio_features,5rgy6ghBq1eRApCkeUdJXf,spotify:track:5rgy6ghBq1eRApCkeUdJXf,https://api.spotify.com/v1/tracks/5rgy6ghBq1eRApCkeUdJXf,https://api.spotify.com/v1/audio-analysis/5rgy6ghBq1eRApCkeUdJXf,250627,4
156,0.751,0.736,5,-4.168,0,0.156,0.0206,0.0,0.265,0.352,130.014,audio_features,1ve0SgTZkv3wdggJLqtBYU,spotify:track:1ve0SgTZkv3wdggJLqtBYU,https://api.spotify.com/v1/tracks/1ve0SgTZkv3wdggJLqtBYU,https://api.spotify.com/v1/audio-analysis/1ve0SgTZkv3wdggJLqtBYU,262147,4
157,0.726,0.787,4,-2.494,1,0.0737,0.009,0.0,0.0596,0.888,124.99,audio_features,4cluDES4hQEUhmXj6TXkSo,spotify:track:4cluDES4hQEUhmXj6TXkSo,https://api.spotify.com/v1/tracks/4cluDES4hQEUhmXj6TXkSo,https://api.spotify.com/v1/audio-analysis/4cluDES4hQEUhmXj6TXkSo,199987,4
158,0.649,0.815,3,-3.796,0,0.0415,0.00125,4.31e-05,0.671,0.765,126.03,audio_features,455AfCsOhhLPRc68sE01D8,spotify:track:455AfCsOhhLPRc68sE01D8,https://api.spotify.com/v1/tracks/455AfCsOhhLPRc68sE01D8,https://api.spotify.com/v1/audio-analysis/455AfCsOhhLPRc68sE01D8,230747,4
159,0.754,0.806,4,-3.177,1,0.0842,0.00338,0.0,0.033,0.851,119.973,audio_features,2srTtSrzY4n10C7abVTrBm,spotify:track:2srTtSrzY4n10C7abVTrBm,https://api.spotify.com/v1/tracks/2srTtSrzY4n10C7abVTrBm,https://api.spotify.com/v1/audio-analysis/2srTtSrzY4n10C7abVTrBm,203867,4
160,0.743,0.766,0,-6.375,1,0.0265,0.0873,0.0,0.509,0.61,127.96,audio_features,4kLLWz7srcuLKA7Et40PQR,spotify:track:4kLLWz7srcuLKA7Et40PQR,https://api.spotify.com/v1/tracks/4kLLWz7srcuLKA7Et40PQR,https://api.spotify.com/v1/audio-analysis/4kLLWz7srcuLKA7Et40PQR,289133,4
161,0.794,0.711,8,-5.124,0,0.0699,0.3,0.0,0.0955,0.955,174.915,audio_features,386RUes7n1uM1yfzgeUuwp,spotify:track:386RUes7n1uM1yfzgeUuwp,https://api.spotify.com/v1/tracks/386RUes7n1uM1yfzgeUuwp,https://api.spotify.com/v1/audio-analysis/386RUes7n1uM1yfzgeUuwp,189109,4
162,0.758,0.557,7,-4.568,1,0.034,0.0117,0.0,0.0418,0.781,126.986,audio_features,2fQxE0jVrjNMT9oJAXtSJR,spotify:track:2fQxE0jVrjNMT9oJAXtSJR,https://api.spotify.com/v1/tracks/2fQxE0jVrjNMT9oJAXtSJR,https://api.spotify.com/v1/audio-analysis/2fQxE0jVrjNMT9oJAXtSJR,231840,4
163,0.631,0.819,9,-4.24,1,0.122,0.0767,0.0,0.1,0.733,125.928,audio_features,1WINLcGPEw9jDs2z0zLKIU,spotify:track:1WINLcGPEw9jDs2z0zLKIU,https://api.spotify.com/v1/tracks/1WINLcGPEw9jDs2z0zLKIU,https://api.spotify.com/v1/audio-analysis/1WINLcGPEw9jDs2z0zLKIU,233173,4
164,0.765,0.837,1,-3.113,0,0.032,0.00107,1.06e-05,0.0801,0.721,122.028,audio_features,0KAiuUOrLTIkzkpfpn9jb9,spotify:track:0KAiuUOrLTIkzkpfpn9jb9,https://api.spotify.com/v1/tracks/0KAiuUOrLTIkzkpfpn9jb9,https://api.spotify.com/v1/audio-analysis/0KAiuUOrLTIkzkpfpn9jb9,195973,4
165,0.646,0.795,9,-3.293,1,0.0976,0.0319,0.0,0.267,0.796,89.99,audio_features,63pQm5g0IXLckrv9X3KEyX,spotify:track:63pQm5g0IXLckrv9X3KEyX,https://api.spotify.com/v1/tracks/63pQm5g0IXLckrv9X3KEyX,https://api.spotify.com/v1/audio-analysis/63pQm5g0IXLckrv9X3KEyX,210960,4
166,0.865,0.521,0,-6.932,1,0.0371,0.548,0.000115,0.0989,0.748,129.059,audio_features,1qDrWA6lyx8cLECdZE7TV7,spotify:track:1qDrWA6lyx8cLECdZE7TV7,https://api.spotify.com/v1/tracks/1qDrWA6lyx8cLECdZE7TV7,https://api.spotify.com/v1/audio-analysis/1qDrWA6lyx8cLECdZE7TV7,244885,4
167,0.704,0.558,2,-7.273,0,0.0542,0.148,0.0,0.107,0.245,110.444,audio_features,4lLtanYk6tkMvooU0tWzG8,spotify:track:4lLtanYk6tkMvooU0tWzG8,https://api.spotify.com/v1/tracks/4lLtanYk6tkMvooU0tWzG8,https://api.spotify.com/v1/audio-analysis/4lLtanYk6tkMvooU0tWzG8,222091,4
168,0.671,0.939,8,-3.206,1,0.161,0.191,0.0,0.298,0.53,129.024,audio_features,4QNpBfC0zvjKqPJcyqBy9W,spotify:track:4QNpBfC0zvjKqPJcyqBy9W,https://api.spotify.com/v1/tracks/4QNpBfC0zvjKqPJcyqBy9W,https://api.spotify.com/v1/audio-analysis/4QNpBfC0zvjKqPJcyqBy9W,252307,4
169,0.789,0.716,11,-4.241,0,0.0432,0.129,1.07e-05,0.069,0.611,125.906,audio_features,0AH6WMe3OlAlUb5miXt2FQ,spotify:track:0AH6WMe3OlAlUb5miXt2FQ,https://api.spotify.com/v1/tracks/0AH6WMe3OlAlUb5miXt2FQ,https://api.spotify.com/v1/audio-analysis/0AH6WMe3OlAlUb5miXt2FQ,235493,4
170,0.651,0.695,6,-3.218,1,0.0487,0.23,0.0,0.144,0.569,123.008,audio_features,3sP3c86WFjOzHHnbhhZcLA,spotify:track:3sP3c86WFjOzHHnbhhZcLA,https://api.spotify.com/v1/tracks/3sP3c86WFjOzHHnbhhZcLA,https://api.spotify.com/v1/audio-analysis/3sP3c86WFjOzHHnbhhZcLA,205347,4
171,0.449,0.585,5,-6.761,1,0.0268,0.0509,8.75e-05,0.0833,0.212,139.631,audio_features,6nek1Nin9q48AVZcWs9e9D,spotify:track:6nek1Nin9q48AVZcWs9e9D,https://api.spotify.com/v1/tracks/6nek1Nin9q48AVZcWs9e9D,https://api.spotify.com/v1/audio-analysis/6nek1Nin9q48AVZcWs9e9D,278719,4
172,0.512,0.662,3,-6.797,1,0.0439,0.0275,0.0,0.118,0.472,180.114,audio_features,3DamFFqW32WihKkTVlwTYQ,spotify:track:3DamFFqW32WihKkTVlwTYQ,https://api.spotify.com/v1/tracks/3DamFFqW32WihKkTVlwTYQ,https://api.spotify.com/v1/audio-analysis/3DamFFqW32WihKkTVlwTYQ,228347,4
173,0.669,0.9,8,-4.676,1,0.0278,0.00157,0.0,0.077,0.627,122.038,audio_features,0WyrV2BjeXmQjlHHdfV9nJ,spotify:track:0WyrV2BjeXmQjlHHdfV9nJ,https://api.spotify.com/v1/tracks/0WyrV2BjeXmQjlHHdfV9nJ,https://api.spotify.com/v1/audio-analysis/0WyrV2BjeXmQjlHHdfV9nJ,186267,4
174,0.663,0.861,7,-3.398,0,0.109,0.0338,0.0,0.082,0.654,119.963,audio_features,4356Typ82hUiFAynbLYbPn,spotify:track:4356Typ82hUiFAynbLYbPn,https://api.spotify.com/v1/tracks/4356Typ82hUiFAynbLYbPn,https://api.spotify.com/v1/audio-analysis/4356Typ82hUiFAynbLYbPn,220800,4
175,0.636,0.831,5,-3.945,1,0.182,0.0294,3.85e-06,0.272,0.668,175.015,audio_features,2fTsFCKRFQ5M0igJgabnLA,spotify:track:2fTsFCKRFQ5M0igJgabnLA,https://api.spotify.com/v1/tracks/2fTsFCKRFQ5M0igJgabnLA,https://api.spotify.com/v1/audio-analysis/2fTsFCKRFQ5M0igJgabnLA,223053,4
176,0.851,0.806,4,-4.62,1,0.0787,0.118,1.64e-06,0.121,0.787,118.999,audio_features,1QV6tiMFM6fSOKOGLMHYYg,spotify:track:1QV6tiMFM6fSOKOGLMHYYg,https://api.spotify.com/v1/tracks/1QV6tiMFM6fSOKOGLMHYYg,https://api.spotify.com/v1/audio-analysis/1QV6tiMFM6fSOKOGLMHYYg,237200,4
177,0.719,0.804,10,-4.581,1,0.0355,0.0132,3.02e-06,0.139,0.605,119.999,audio_features,55qBw1900pZKfXJ6Q9A2Lc,spotify:track:55qBw1900pZKfXJ6Q9A2Lc,https://api.spotify.com/v1/tracks/55qBw1900pZKfXJ6Q9A2Lc,https://api.spotify.com/v1/audio-analysis/55qBw1900pZKfXJ6Q9A2Lc,227760,4
178,0.608,0.614,2,-3.727,1,0.0285,0.227,4.06e-06,0.157,0.402,127.884,audio_features,5VAKwJzAJgpysx7FL9W6MJ,spotify:track:5VAKwJzAJgpysx7FL9W6MJ,https://api.spotify.com/v1/tracks/5VAKwJzAJgpysx7FL9W6MJ,https://api.spotify.com/v1/audio-analysis/5VAKwJzAJgpysx7FL9W6MJ,208133,4
179,0.457,0.757,1,-5.177,1,0.032,0.0206,0.0,0.146,0.417,102.961,audio_features,2ihCaVdNZmnHZWt0fvAM7B,spotify:track:2ihCaVdNZmnHZWt0fvAM7B,https://api.spotify.com/v1/tracks/2ihCaVdNZmnHZWt0fvAM7B,https://api.spotify.com/v1/audio-analysis/2ihCaVdNZmnHZWt0fvAM7B,266600,4
180,0.633,0.673,6,-6.403,0,0.258,0.297,0.0,0.206,0.659,86.776,audio_features,2qPUnoasNe4Ep43emVXEig,spotify:track:2qPUnoasNe4Ep43emVXEig,https://api.spotify.com/v1/tracks/2qPUnoasNe4Ep43emVXEig,https://api.spotify.com/v1/audio-analysis/2qPUnoasNe4Ep43emVXEig,211160,4
181,0.678,0.918,5,-4.63,1,0.0355,0.000417,0.0,0.0744,0.769,130.028,audio_features,1nZzRJbFvCEct3uzu04ZoL,spotify:track:1nZzRJbFvCEct3uzu04ZoL,https://api.spotify.com/v1/tracks/1nZzRJbFvCEct3uzu04ZoL,https://api.spotify.com/v1/audio-analysis/1nZzRJbFvCEct3uzu04ZoL,216160,4
182,0.66,0.867,6,-4.285,0,0.116,0.11,0.0,0.0368,0.377,93.033,audio_features,1QnvpPFP4Q3FHbDchqWiWy,spotify:track:1QnvpPFP4Q3FHbDchqWiWy,https://api.spotify.com/v1/tracks/1QnvpPFP4Q3FHbDchqWiWy,https://api.spotify.com/v1/audio-analysis/1QnvpPFP4Q3FHbDchqWiWy,180480,4
183,0.706,0.89,1,-4.444,0,0.0688,0.0588,0.00286,0.306,0.684,128.011,audio_features,2LEF1A8DOZ9wRYikWgVlZ8,spotify:track:2LEF1A8DOZ9wRYikWgVlZ8,https://api.spotify.com/v1/tracks/2LEF1A8DOZ9wRYikWgVlZ8,https://api.spotify.com/v1/audio-analysis/2LEF1A8DOZ9wRYikWgVlZ8,248133,4
184,0.652,0.698,10,-4.667,0,0.042,0.00112,0.000115,0.0886,0.47,96.021,audio_features,3E7dfMvvCLUddWissuqMwr,spotify:track:3E7dfMvvCLUddWissuqMwr,https://api.spotify.com/v1/tracks/3E7dfMvvCLUddWissuqMwr,https://api.spotify.com/v1/audio-analysis/3E7dfMvvCLUddWissuqMwr,202067,4
185,0.791,0.754,0,-3.729,1,0.0569,0.00446,0.0,0.163,0.425,125.014,audio_features,6tS3XVuOyu10897O3ae7bi,spotify:track:6tS3XVuOyu10897O3ae7bi,https://api.spotify.com/v1/tracks/6tS3XVuOyu10897O3ae7bi,https://api.spotify.com/v1/audio-analysis/6tS3XVuOyu10897O3ae7bi,234653,4
186,0.703,0.444,11,-9.331,1,0.0417,0.559,0.0,0.0973,0.712,150.96,audio_features,1EzrEOXmMH3G43AXT1y7pA,spotify:track:1EzrEOXmMH3G43AXT1y7pA,https://api.spotify.com/v1/tracks/1EzrEOXmMH3G43AXT1y7pA,https://api.spotify.com/v1/audio-analysis/1EzrEOXmMH3G43AXT1y7pA,242947,4
187,0.689,0.78,4,-4.945,1,0.126,0.0886,0.0,0.0954,0.816,99.984,audio_features,6urcncCIJjypIdKCDqZT82,spotify:track:6urcncCIJjypIdKCDqZT82,https://api.spotify.com/v1/tracks/6urcncCIJjypIdKCDqZT82,https://api.spotify.com/v1/audio-analysis/6urcncCIJjypIdKCDqZT82,200093,4
188,0.736,0.817,8,-4.9,1,0.0407,0.00987,0.00167,0.117,0.653,119.95,audio_features,3LUWWox8YYykohBbHUrrxd,spotify:track:3LUWWox8YYykohBbHUrrxd,https://api.spotify.com/v1/tracks/3LUWWox8YYykohBbHUrrxd,https://api.spotify.com/v1/audio-analysis/3LUWWox8YYykohBbHUrrxd,204760,4
189,0.616,0.869,0,-3.911,1,0.0327,0.0283,0.0,0.064,0.473,127.966,audio_features,6ebkx7Q5tTxrCxKq4GYj0Y,spotify:track:6ebkx7Q5tTxrCxKq4GYj0Y,https://api.spotify.com/v1/tracks/6ebkx7Q5tTxrCxKq4GYj0Y,https://api.spotify.com/v1/audio-analysis/6ebkx7Q5tTxrCxKq4GYj0Y,234560,4
190,0.822,0.739,1,-4.541,0,0.0311,0.0264,4.26e-05,0.181,0.745,118.992,audio_features,1dzQoRqT5ucxXVaAhTcT0J,spotify:track:1dzQoRqT5ucxXVaAhTcT0J,https://api.spotify.com/v1/tracks/1dzQoRqT5ucxXVaAhTcT0J,https://api.spotify.com/v1/audio-analysis/1dzQoRqT5ucxXVaAhTcT0J,241933,4
191,0.723,0.86,11,-4.357,1,0.203,0.271,4.56e-06,0.598,0.667,126.979,audio_features,3hlksXnvbKogFdPbpO9vel,spotify:track:3hlksXnvbKogFdPbpO9vel,https://api.spotify.com/v1/tracks/3hlksXnvbKogFdPbpO9vel,https://api.spotify.com/v1/audio-analysis/3hlksXnvbKogFdPbpO9vel,200013,4
192,0.615,0.711,11,-5.507,1,0.0779,0.0444,0.0,0.145,0.711,144.036,audio_features,7xkQdy0cy5ymoWT7nedvLz,spotify:track:7xkQdy0cy5ymoWT7nedvLz,https://api.spotify.com/v1/tracks/7xkQdy0cy5ymoWT7nedvLz,https://api.spotify.com/v1/audio-analysis/7xkQdy0cy5ymoWT7nedvLz,221253,4
193,0.603,0.67,2,-3.882,0,0.0249,0.00408,1.68e-06,0.112,0.446,107.993,audio_features,3di5hcvxxciiqwMH1jarhY,spotify:track:3di5hcvxxciiqwMH1jarhY,https://api.spotify.com/v1/tracks/3di5hcvxxciiqwMH1jarhY,https://api.spotify.com/v1/audio-analysis/3di5hcvxxciiqwMH1jarhY,242974,4
194,0.696,0.893,9,-2.963,1,0.076,0.0662,0.0,0.473,0.573,97.954,audio_features,5InWRmnfgjVwQWoXHNBATu,spotify:track:5InWRmnfgjVwQWoXHNBATu,https://api.spotify.com/v1/tracks/5InWRmnfgjVwQWoXHNBATu,https://api.spotify.com/v1/audio-analysis/5InWRmnfgjVwQWoXHNBATu,214013,4
195,0.668,0.857,7,-2.944,0,0.0535,0.0191,6.71e-06,0.0385,0.748,131.959,audio_features,0QvvVhTatOAgPH7q7r89fE,spotify:track:0QvvVhTatOAgPH7q7r89fE,https://api.spotify.com/v1/tracks/0QvvVhTatOAgPH7q7r89fE,https://api.spotify.com/v1/audio-analysis/0QvvVhTatOAgPH7q7r89fE,215693,4
196,0.7,0.709,7,-5.006,1,0.0838,0.0048,0.0,0.029,0.624,122.019,audio_features,1gv4xPanImH17bKZ9rOveR,spotify:track:1gv4xPanImH17bKZ9rOveR,https://api.spotify.com/v1/tracks/1gv4xPanImH17bKZ9rOveR,https://api.spotify.com/v1/audio-analysis/1gv4xPanImH17bKZ9rOveR,202960,4
197,0.707,0.924,7,-2.842,1,0.031,0.000972,0.00703,0.204,0.919,127.937,audio_features,1gihuPhrLraKYrJMAEONyc,spotify:track:1gihuPhrLraKYrJMAEONyc,https://api.spotify.com/v1/tracks/1gihuPhrLraKYrJMAEONyc,https://api.spotify.com/v1/audio-analysis/1gihuPhrLraKYrJMAEONyc,206413,4
198,0.688,0.853,10,-5.814,1,0.0493,0.386,0.0,0.0862,0.743,103.993,audio_features,4X5xWMINgGA6l0GoyYkMcr,spotify:track:4X5xWMINgGA6l0GoyYkMcr,https://api.spotify.com/v1/tracks/4X5xWMINgGA6l0GoyYkMcr,https://api.spotify.com/v1/audio-analysis/4X5xWMINgGA6l0GoyYkMcr,268320,4
199,0.858,0.677,1,-3.842,0,0.047,0.0768,0.0,0.0757,0.922,117.011,audio_features,7lAoovVf67mECK18oOpJbc,spotify:track:7lAoovVf67mECK18oOpJbc,https://api.spotify.com/v1/tracks/7lAoovVf67mECK18oOpJbc,https://api.spotify.com/v1/audio-analysis/7lAoovVf67mECK18oOpJbc,188453,4
200,0.564,0.714,7,-4.987,1,0.129,0.0549,0.0,0.155,0.33,175.924,audio_features,37f4ITSlgPX81ad2EvmVQr,spotify:track:37f4ITSlgPX81ad2EvmVQr,https://api.spotify.com/v1/tracks/37f4ITSlgPX81ad2EvmVQr,https://api.spotify.com/v1/audio-analysis/37f4ITSlgPX81ad2EvmVQr,204013,4
201,0.826,0.612,1,-3.891,1,0.0982,0.00681,0.0,0.0889,0.756,120.057,audio_features,6vc2Jq2vaGu8z326kSrw92,spotify:track:6vc2Jq2vaGu8z326kSrw92,https://api.spotify.com/v1/tracks/6vc2Jq2vaGu8z326kSrw92,https://api.spotify.com/v1/audio-analysis/6vc2Jq2vaGu8z326kSrw92,187133,4
202,0.867,0.857,9,-5.892,1,0.0663,0.13,0.00171,0.13,0.402,130.048,audio_features,5MeZ3VxmtSv1O8PcekvLTn,spotify:track:5MeZ3VxmtSv1O8PcekvLTn,https://api.spotify.com/v1/tracks/5MeZ3VxmtSv1O8PcekvLTn,https://api.spotify.com/v1/audio-analysis/5MeZ3VxmtSv1O8PcekvLTn,251427,4
203,0.706,0.841,7,-3.956,1,0.0418,7.95e-05,0.0,0.0688,0.861,132.032,audio_features,0iGckQFyv6svOfAbAY9aWJ,spotify:track:0iGckQFyv6svOfAbAY9aWJ,https://api.spotify.com/v1/tracks/0iGckQFyv6svOfAbAY9aWJ,https://api.spotify.com/v1/audio-analysis/0iGckQFyv6svOfAbAY9aWJ,220227,4
204,0.534,0.87,11,-3.078,0,0.0425,0.000334,0.0,0.241,0.462,126.019,audio_features,0JiY190vktuhSGN6aqJdrt,spotify:track:0JiY190vktuhSGN6aqJdrt,https://api.spotify.com/v1/tracks/0JiY190vktuhSGN6aqJdrt,https://api.spotify.com/v1/audio-analysis/0JiY190vktuhSGN6aqJdrt,215160,4
205,0.662,0.741,0,-5.406,1,0.0334,0.00165,0.0303,0.114,0.404,131.0,audio_features,3xrn9i8zhNZsTtcoWgQEAd,spotify:track:3xrn9i8zhNZsTtcoWgQEAd,https://api.spotify.com/v1/tracks/3xrn9i8zhNZsTtcoWgQEAd,https://api.spotify.com/v1/audio-analysis/3xrn9i8zhNZsTtcoWgQEAd,188960,4
206,0.435,0.837,3,-8.126,1,0.449,0.00676,0.0,0.117,0.778,124.913,audio_features,5AyL2kgLtTWEu3qO3B9SqK,spotify:track:5AyL2kgLtTWEu3qO3B9SqK,https://api.spotify.com/v1/tracks/5AyL2kgLtTWEu3qO3B9SqK,https://api.spotify.com/v1/audio-analysis/5AyL2kgLtTWEu3qO3B9SqK,216893,4
207,0.727,0.68,2,-4.498,1,0.0286,0.0101,0.0,0.0821,0.728,132.012,audio_features,6cmm1LMvZdB5zsCwX5BjqE,spotify:track:6cmm1LMvZdB5zsCwX5BjqE,https://api.spotify.com/v1/tracks/6cmm1LMvZdB5zsCwX5BjqE,https://api.spotify.com/v1/audio-analysis/6cmm1LMvZdB5zsCwX5BjqE,212507,4
208,0.742,0.602,11,-10.196,0,0.0505,0.286,0.0,0.338,0.422,130.007,audio_features,0181HMomm7xM3Ks5YNlA9X,spotify:track:0181HMomm7xM3Ks5YNlA9X,https://api.spotify.com/v1/tracks/0181HMomm7xM3Ks5YNlA9X,https://api.spotify.com/v1/audio-analysis/0181HMomm7xM3Ks5YNlA9X,272353,4
209,0.753,0.729,11,-3.862,0,0.0392,0.00334,5.66e-05,0.073,0.812,120.013,audio_features,3pYDZTJM2tVBUhIRifWVzI,spotify:track:3pYDZTJM2tVBUhIRifWVzI,https://api.spotify.com/v1/tracks/3pYDZTJM2tVBUhIRifWVzI,https://api.spotify.com/v1/audio-analysis/3pYDZTJM2tVBUhIRifWVzI,219973,4
210,0.762,0.748,0,-4.15,0,0.033,0.0266,0.0,0.348,0.851,110.009,audio_features,6St9lR6dhV2tpCNVz7qfrS,spotify:track:6St9lR6dhV2tpCNVz7qfrS,https://api.spotify.com/v1/tracks/6St9lR6dhV2tpCNVz7qfrS,https://api.spotify.com/v1/audio-analysis/6St9lR6dhV2tpCNVz7qfrS,199027,4
211,0.471,0.924,8,-3.906,1,0.0586,0.00301,0.0,0.313,0.725,154.961,audio_features,2iUmqdfGZcHIhS3b9E9EWq,spotify:track:2iUmqdfGZcHIhS3b9E9EWq,https://api.spotify.com/v1/tracks/2iUmqdfGZcHIhS3b9E9EWq,https://api.spotify.com/v1/audio-analysis/2iUmqdfGZcHIhS3b9E9EWq,177280,4
212,0.706,0.751,9,-6.323,1,0.0708,0.173,0.0,0.168,0.195,91.031,audio_features,4E5P1XyAFtrjpiIxkydly4,spotify:track:4E5P1XyAFtrjpiIxkydly4,https://api.spotify.com/v1/tracks/4E5P1XyAFtrjpiIxkydly4,https://api.spotify.com/v1/audio-analysis/4E5P1XyAFtrjpiIxkydly4,182307,4
213,0.72,0.672,7,-6.852,1,0.0551,0.009,0.0,0.232,0.705,124.986,audio_features,3GpbwCm3YxiWDvy29Uo3vP,spotify:track:3GpbwCm3YxiWDvy29Uo3vP,https://api.spotify.com/v1/tracks/3GpbwCm3YxiWDvy29Uo3vP,https://api.spotify.com/v1/audio-analysis/3GpbwCm3YxiWDvy29Uo3vP,204640,4
214,0.839,0.804,1,-2.513,1,0.0329,0.0192,0.0,0.331,0.888,122.973,audio_features,2oENJa1T33GJ0w8dC167G4,spotify:track:2oENJa1T33GJ0w8dC167G4,https://api.spotify.com/v1/tracks/2oENJa1T33GJ0w8dC167G4,https://api.spotify.com/v1/audio-analysis/2oENJa1T33GJ0w8dC167G4,239987,4
215,0.703,0.813,11,-4.517,0,0.0574,0.0884,0.0,0.219,0.717,124.904,audio_features,30VrBsh1STRBoIrhQOAwzK,spotify:track:30VrBsh1STRBoIrhQOAwzK,https://api.spotify.com/v1/tracks/30VrBsh1STRBoIrhQOAwzK,https://api.spotify.com/v1/audio-analysis/30VrBsh1STRBoIrhQOAwzK,238573,4
216,0.648,0.942,10,-2.881,0,0.0878,0.021,0.0,0.0594,0.73,129.007,audio_features,7HacCTm33hZYYN8DXpCYuG,spotify:track:7HacCTm33hZYYN8DXpCYuG,https://api.spotify.com/v1/tracks/7HacCTm33hZYYN8DXpCYuG,https://api.spotify.com/v1/audio-analysis/7HacCTm33hZYYN8DXpCYuG,231373,4
217,0.768,0.82,7,-4.63,0,0.0474,0.179,0.0,0.689,0.625,129.965,audio_features,2V4bv1fNWfTcyRJKmej6Sj,spotify:track:2V4bv1fNWfTcyRJKmej6Sj,https://api.spotify.com/v1/tracks/2V4bv1fNWfTcyRJKmej6Sj,https://api.spotify.com/v1/audio-analysis/2V4bv1fNWfTcyRJKmej6Sj,213293,4
218,0.705,0.882,11,-3.201,0,0.0445,0.000369,1.16e-06,0.0934,0.7,130.0,audio_features,2QtxlzvSBONjs1bDC34ixs,spotify:track:2QtxlzvSBONjs1bDC34ixs,https://api.spotify.com/v1/tracks/2QtxlzvSBONjs1bDC34ixs,https://api.spotify.com/v1/audio-analysis/2QtxlzvSBONjs1bDC34ixs,241667,4
219,0.594,0.874,0,-3.716,1,0.0815,0.0116,0.0,0.549,0.628,119.964,audio_features,3es9la1RV8YqhVNdTHUz2c,spotify:track:3es9la1RV8YqhVNdTHUz2c,https://api.spotify.com/v1/tracks/3es9la1RV8YqhVNdTHUz2c,https://api.spotify.com/v1/audio-analysis/3es9la1RV8YqhVNdTHUz2c,196413,4
220,0.531,0.752,1,-6.161,1,0.0305,0.0421,0.0,0.12,0.103,89.917,audio_features,3ZdJffjzJWFimSQyxgGIxN,spotify:track:3ZdJffjzJWFimSQyxgGIxN,https://api.spotify.com/v1/tracks/3ZdJffjzJWFimSQyxgGIxN,https://api.spotify.com/v1/audio-analysis/3ZdJffjzJWFimSQyxgGIxN,237800,4
221,0.442,0.83,9,-4.02,1,0.146,0.128,0.0,0.129,0.578,89.338,audio_features,6OEolOOk9Gh9bqkdpfIOl0,spotify:track:6OEolOOk9Gh9bqkdpfIOl0,https://api.spotify.com/v1/tracks/6OEolOOk9Gh9bqkdpfIOl0,https://api.spotify.com/v1/audio-analysis/6OEolOOk9Gh9bqkdpfIOl0,215747,4
222,0.696,0.921,0,-3.755,1,0.0363,0.00314,5.24e-05,0.0842,0.714,119.001,audio_features,0SiywuOBRcynK0uKGWdCnn,spotify:track:0SiywuOBRcynK0uKGWdCnn,https://api.spotify.com/v1/tracks/0SiywuOBRcynK0uKGWdCnn,https://api.spotify.com/v1/audio-analysis/0SiywuOBRcynK0uKGWdCnn,294573,4
223,0.659,0.628,0,-8.685,0,0.179,0.186,0.0,0.105,0.262,94.05,audio_features,3JA9Jsuxr4xgHXEawAdCp4,spotify:track:3JA9Jsuxr4xgHXEawAdCp4,https://api.spotify.com/v1/tracks/3JA9Jsuxr4xgHXEawAdCp4,https://api.spotify.com/v1/audio-analysis/3JA9Jsuxr4xgHXEawAdCp4,219427,4
224,0.918,0.609,10,-5.64,0,0.0791,0.0928,0.0,0.139,0.304,128.008,audio_features,0CAfXk7DXMnon4gLudAp7J,spotify:track:0CAfXk7DXMnon4gLudAp7J,https://api.spotify.com/v1/tracks/0CAfXk7DXMnon4gLudAp7J,https://api.spotify.com/v1/audio-analysis/0CAfXk7DXMnon4gLudAp7J,231400,4
225,0.682,0.889,0,-4.166,1,0.0804,0.00564,0.0,0.36,0.827,138.021,audio_features,0ixcINi5cnueFsWNllV2ou,spotify:track:0ixcINi5cnueFsWNllV2ou,https://api.spotify.com/v1/tracks/0ixcINi5cnueFsWNllV2ou,https://api.spotify.com/v1/audio-analysis/0ixcINi5cnueFsWNllV2ou,192440,4
226,0.844,0.659,6,-5.587,0,0.0626,0.0376,8.07e-05,0.0523,0.54,122.683,audio_features,62LHRv9uwSNlBmByQF5jdE,spotify:track:62LHRv9uwSNlBmByQF5jdE,https://api.spotify.com/v1/tracks/62LHRv9uwSNlBmByQF5jdE,https://api.spotify.com/v1/audio-analysis/62LHRv9uwSNlBmByQF5jdE,267080,4
227,0.729,0.675,5,-5.292,0,0.0286,4.14e-05,0.00126,0.0867,0.74,125.036,audio_features,0WCiI0ddWiu5F2kSHgfw5S,spotify:track:0WCiI0ddWiu5F2kSHgfw5S,https://api.spotify.com/v1/tracks/0WCiI0ddWiu5F2kSHgfw5S,https://api.spotify.com/v1/audio-analysis/0WCiI0ddWiu5F2kSHgfw5S,215200,4
228,0.758,0.686,11,-6.346,1,0.0792,0.0848,0.00127,0.142,0.444,130.007,audio_features,0Oe49j06Bjrxs8PltuVeaW,spotify:track:0Oe49j06Bjrxs8PltuVeaW,https://api.spotify.com/v1/tracks/0Oe49j06Bjrxs8PltuVeaW,https://api.spotify.com/v1/audio-analysis/0Oe49j06Bjrxs8PltuVeaW,230907,4
229,0.549,0.932,8,-4.11,0,0.343,0.0127,0.0,0.347,0.787,82.439,audio_features,7rMTLPej6tXQ6TQdLVSzTD,spotify:track:7rMTLPej6tXQ6TQdLVSzTD,https://api.spotify.com/v1/tracks/7rMTLPej6tXQ6TQdLVSzTD,https://api.spotify.com/v1/audio-analysis/7rMTLPej6tXQ6TQdLVSzTD,196133,4
230,0.72,0.607,1,-4.168,1,0.0322,0.0543,0.0,0.113,0.828,121.223,audio_features,4vVTI94F9uJ8lHNDWKv0i2,spotify:track:4vVTI94F9uJ8lHNDWKv0i2,https://api.spotify.com/v1/tracks/4vVTI94F9uJ8lHNDWKv0i2,https://api.spotify.com/v1/audio-analysis/4vVTI94F9uJ8lHNDWKv0i2,201947,4
231,0.699,0.76,5,-3.173,1,0.0677,0.00223,0.0,0.132,0.696,129.996,audio_features,14iN3o8ptQ8cFVZTEmyQRV,spotify:track:14iN3o8ptQ8cFVZTEmyQRV,https://api.spotify.com/v1/tracks/14iN3o8ptQ8cFVZTEmyQRV,https://api.spotify.com/v1/audio-analysis/14iN3o8ptQ8cFVZTEmyQRV,179640,4
232,0.696,0.921,0,-3.755,1,0.0363,0.00314,5.24e-05,0.0842,0.714,119.001,audio_features,0SiywuOBRcynK0uKGWdCnn,spotify:track:0SiywuOBRcynK0uKGWdCnn,https://api.spotify.com/v1/tracks/0SiywuOBRcynK0uKGWdCnn,https://api.spotify.com/v1/audio-analysis/0SiywuOBRcynK0uKGWdCnn,294573,4
233,0.659,0.628,0,-8.685,0,0.179,0.186,0.0,0.105,0.262,94.05,audio_features,3JA9Jsuxr4xgHXEawAdCp4,spotify:track:3JA9Jsuxr4xgHXEawAdCp4,https://api.spotify.com/v1/tracks/3JA9Jsuxr4xgHXEawAdCp4,https://api.spotify.com/v1/audio-analysis/3JA9Jsuxr4xgHXEawAdCp4,219427,4
234,0.918,0.609,10,-5.64,0,0.0791,0.0928,0.0,0.139,0.304,128.008,audio_features,0CAfXk7DXMnon4gLudAp7J,spotify:track:0CAfXk7DXMnon4gLudAp7J,https://api.spotify.com/v1/tracks/0CAfXk7DXMnon4gLudAp7J,https://api.spotify.com/v1/audio-analysis/0CAfXk7DXMnon4gLudAp7J,231400,4
235,0.682,0.889,0,-4.166,1,0.0804,0.00564,0.0,0.36,0.827,138.021,audio_features,0ixcINi5cnueFsWNllV2ou,spotify:track:0ixcINi5cnueFsWNllV2ou,https://api.spotify.com/v1/tracks/0ixcINi5cnueFsWNllV2ou,https://api.spotify.com/v1/audio-analysis/0ixcINi5cnueFsWNllV2ou,192440,4
236,0.844,0.659,6,-5.587,0,0.0626,0.0376,8.07e-05,0.0523,0.54,122.683,audio_features,62LHRv9uwSNlBmByQF5jdE,spotify:track:62LHRv9uwSNlBmByQF5jdE,https://api.spotify.com/v1/tracks/62LHRv9uwSNlBmByQF5jdE,https://api.spotify.com/v1/audio-analysis/62LHRv9uwSNlBmByQF5jdE,267080,4
237,0.729,0.675,5,-5.292,0,0.0286,4.14e-05,0.00126,0.0867,0.74,125.036,audio_features,0WCiI0ddWiu5F2kSHgfw5S,spotify:track:0WCiI0ddWiu5F2kSHgfw5S,https://api.spotify.com/v1/tracks/0WCiI0ddWiu5F2kSHgfw5S,https://api.spotify.com/v1/audio-analysis/0WCiI0ddWiu5F2kSHgfw5S,215200,4
238,0.758,0.686,11,-6.346,1,0.0792,0.0848,0.00127,0.142,0.444,130.007,audio_features,0Oe49j06Bjrxs8PltuVeaW,spotify:track:0Oe49j06Bjrxs8PltuVeaW,https://api.spotify.com/v1/tracks/0Oe49j06Bjrxs8PltuVeaW,https://api.spotify.com/v1/audio-analysis/0Oe49j06Bjrxs8PltuVeaW,230907,4
239,0.549,0.932,8,-4.11,0,0.343,0.0127,0.0,0.347,0.787,82.439,audio_features,7rMTLPej6tXQ6TQdLVSzTD,spotify:track:7rMTLPej6tXQ6TQdLVSzTD,https://api.spotify.com/v1/tracks/7rMTLPej6tXQ6TQdLVSzTD,https://api.spotify.com/v1/audio-analysis/7rMTLPej6tXQ6TQdLVSzTD,196133,4
240,0.72,0.607,1,-4.168,1,0.0322,0.0543,0.0,0.113,0.828,121.223,audio_features,4vVTI94F9uJ8lHNDWKv0i2,spotify:track:4vVTI94F9uJ8lHNDWKv0i2,https://api.spotify.com/v1/tracks/4vVTI94F9uJ8lHNDWKv0i2,https://api.spotify.com/v1/audio-analysis/4vVTI94F9uJ8lHNDWKv0i2,201947,4
241,0.699,0.76,5,-3.173,1,0.0677,0.00223,0.0,0.132,0.696,129.996,audio_features,14iN3o8ptQ8cFVZTEmyQRV,spotify:track:14iN3o8ptQ8cFVZTEmyQRV,https://api.spotify.com/v1/tracks/14iN3o8ptQ8cFVZTEmyQRV,https://api.spotify.com/v1/audio-analysis/14iN3o8ptQ8cFVZTEmyQRV,179640,4
242,0.854,0.674,11,-4.896,1,0.0705,0.0204,0.0,0.101,0.818,125.845,audio_features,6A5NlmBCsCGbJ27jHQgKV5,spotify:track:6A5NlmBCsCGbJ27jHQgKV5,https://api.spotify.com/v1/tracks/6A5NlmBCsCGbJ27jHQgKV5,https://api.spotify.com/v1/audio-analysis/6A5NlmBCsCGbJ27jHQgKV5,210800,4
243,0.762,0.692,5,-3.973,0,0.0438,0.113,0.0,0.094,0.397,114.906,audio_features,02XnQdf7sipaKBBHixz3Zp,spotify:track:02XnQdf7sipaKBBHixz3Zp,https://api.spotify.com/v1/tracks/02XnQdf7sipaKBBHixz3Zp,https://api.spotify.com/v1/audio-analysis/02XnQdf7sipaKBBHixz3Zp,208307,4
244,0.597,0.517,0,-6.963,1,0.365,0.179,0.0,0.307,0.412,92.035,audio_features,16sbugRbf9xEKlekuQ7Whm,spotify:track:16sbugRbf9xEKlekuQ7Whm,https://api.spotify.com/v1/tracks/16sbugRbf9xEKlekuQ7Whm,https://api.spotify.com/v1/audio-analysis/16sbugRbf9xEKlekuQ7Whm,257560,4
245,0.608,0.86,5,-5.324,0,0.0554,0.0991,0.0,0.262,0.437,127.075,audio_features,1NpW5kyvO4XrNJ3rnfcNy3,spotify:track:1NpW5kyvO4XrNJ3rnfcNy3,https://api.spotify.com/v1/tracks/1NpW5kyvO4XrNJ3rnfcNy3,https://api.spotify.com/v1/audio-analysis/1NpW5kyvO4XrNJ3rnfcNy3,232947,4
246,0.664,0.845,4,-6.115,0,0.0461,0.181,0.0,0.267,0.357,96.005,audio_features,3ZuiIFm9nRnkRz8AZAekjJ,spotify:track:3ZuiIFm9nRnkRz8AZAekjJ,https://api.spotify.com/v1/tracks/3ZuiIFm9nRnkRz8AZAekjJ,https://api.spotify.com/v1/audio-analysis/3ZuiIFm9nRnkRz8AZAekjJ,211253,4
247,0.581,0.827,1,-4.566,1,0.141,0.0101,0.0,0.0522,0.549,174.013,audio_features,5i66xrvSh1MjjyDd6zcwgj,spotify:track:5i66xrvSh1MjjyDd6zcwgj,https://api.spotify.com/v1/tracks/5i66xrvSh1MjjyDd6zcwgj,https://api.spotify.com/v1/audio-analysis/5i66xrvSh1MjjyDd6zcwgj,275987,4
248,0.56,0.959,7,-2.433,1,0.102,0.000722,0.000221,0.209,0.669,163.983,audio_features,45hOioMDJktr86iKDHC8gr,spotify:track:45hOioMDJktr86iKDHC8gr,https://api.spotify.com/v1/tracks/45hOioMDJktr86iKDHC8gr,https://api.spotify.com/v1/audio-analysis/45hOioMDJktr86iKDHC8gr,216600,4
249,0.648,0.89,0,-3.982,0,0.0523,0.0294,3.58e-06,0.116,0.321,125.953,audio_features,3nMb7ToWIxYvmaIG20z6ux,spotify:track:3nMb7ToWIxYvmaIG20z6ux,https://api.spotify.com/v1/tracks/3nMb7ToWIxYvmaIG20z6ux,https://api.spotify.com/v1/audio-analysis/3nMb7ToWIxYvmaIG20z6ux,232213,4
250,0.756,0.77,1,-3.502,1,0.0343,0.191,0.0,0.178,0.73,119.961,audio_features,5BHtT1xpC44pGy1J7RKY4T,spotify:track:5BHtT1xpC44pGy1J7RKY4T,https://api.spotify.com/v1/tracks/5BHtT1xpC44pGy1J7RKY4T,https://api.spotify.com/v1/audio-analysis/5BHtT1xpC44pGy1J7RKY4T,246467,4
251,0.762,0.661,1,-6.075,0,0.0687,0.15,0.0,0.256,0.769,130.009,audio_features,1hGy2eLcmC8eKx7qr1tOqx,spotify:track:1hGy2eLcmC8eKx7qr1tOqx,https://api.spotify.com/v1/tracks/1hGy2eLcmC8eKx7qr1tOqx,https://api.spotify.com/v1/audio-analysis/1hGy2eLcmC8eKx7qr1tOqx,225373,4
252,0.638,0.826,8,-4.968,1,0.0479,0.139,0.0,0.0803,0.649,124.072,audio_features,4lCv7b86sLynZbXhfScfm2,spotify:track:4lCv7b86sLynZbXhfScfm2,https://api.spotify.com/v1/tracks/4lCv7b86sLynZbXhfScfm2,https://api.spotify.com/v1/audio-analysis/4lCv7b86sLynZbXhfScfm2,227880,4
253,0.707,0.861,7,-4.225,1,0.316,0.1,0.0,0.191,0.795,130.021,audio_features,2EZ2KXLqs9zdRVVMMz1IsH,spotify:track:2EZ2KXLqs9zdRVVMMz1IsH,https://api.spotify.com/v1/tracks/2EZ2KXLqs9zdRVVMMz1IsH,https://api.spotify.com/v1/audio-analysis/2EZ2KXLqs9zdRVVMMz1IsH,199480,4
254,0.752,0.836,10,-3.173,1,0.115,0.0843,0.000425,0.424,0.519,120.003,audio_features,7lWUJpax919G4JdaFEVmCy,spotify:track:7lWUJpax919G4JdaFEVmCy,https://api.spotify.com/v1/tracks/7lWUJpax919G4JdaFEVmCy,https://api.spotify.com/v1/audio-analysis/7lWUJpax919G4JdaFEVmCy,172053,4
255,0.825,0.832,5,-5.853,0,0.0403,0.00587,0.000789,0.114,0.713,122.021,audio_features,6nCDnzErqalOaIY3EJM8NK,spotify:track:6nCDnzErqalOaIY3EJM8NK,https://api.spotify.com/v1/tracks/6nCDnzErqalOaIY3EJM8NK,https://api.spotify.com/v1/audio-analysis/6nCDnzErqalOaIY3EJM8NK,220627,4
256,0.724,0.695,11,-5.226,1,0.0622,0.073,0.0,0.0889,0.235,139.0,audio_features,4fixebDZAVToLbUCuEloa2,spotify:track:4fixebDZAVToLbUCuEloa2,https://api.spotify.com/v1/tracks/4fixebDZAVToLbUCuEloa2,https://api.spotify.com/v1/audio-analysis/4fixebDZAVToLbUCuEloa2,224400,4
257,0.906,0.584,8,-7.72,0,0.316,0.0576,0.0,0.128,0.831,129.055,audio_features,5Nu1cp2yi4TlZF4KTmElFD,spotify:track:5Nu1cp2yi4TlZF4KTmElFD,https://api.spotify.com/v1/tracks/5Nu1cp2yi4TlZF4KTmElFD,https://api.spotify.com/v1/audio-analysis/5Nu1cp2yi4TlZF4KTmElFD,292373,4
258,0.778,0.824,10,-5.892,0,0.0707,0.284,0.0,0.405,0.758,100.024,audio_features,3ZFTkvIE7kyPt6Nu3PEa7V,spotify:track:3ZFTkvIE7kyPt6Nu3PEa7V,https://api.spotify.com/v1/tracks/3ZFTkvIE7kyPt6Nu3PEa7V,https://api.spotify.com/v1/audio-analysis/3ZFTkvIE7kyPt6Nu3PEa7V,218093,4
259,0.671,0.685,11,-5.762,0,0.05,0.00165,0.0,0.398,0.368,118.449,audio_features,21pySLskKIKrhDziCX5ojQ,spotify:track:21pySLskKIKrhDziCX5ojQ,https://api.spotify.com/v1/tracks/21pySLskKIKrhDziCX5ojQ,https://api.spotify.com/v1/audio-analysis/21pySLskKIKrhDziCX5ojQ,245680,4
260,0.728,0.859,5,-5.237,0,0.137,0.0401,0.0,0.111,0.535,65.043,audio_features,6epn3r7S14KUqlReYr77hA,spotify:track:6epn3r7S14KUqlReYr77hA,https://api.spotify.com/v1/tracks/6epn3r7S14KUqlReYr77hA,https://api.spotify.com/v1/audio-analysis/6epn3r7S14KUqlReYr77hA,214240,4
261,0.926,0.916,10,-2.221,0,0.0929,0.35,6.17e-06,0.0234,0.904,110.007,audio_features,6KM6693N1wVvz6tDviEF4F,spotify:track:6KM6693N1wVvz6tDviEF4F,https://api.spotify.com/v1/tracks/6KM6693N1wVvz6tDviEF4F,https://api.spotify.com/v1/audio-analysis/6KM6693N1wVvz6tDviEF4F,199853,4
262,0.767,0.682,1,-5.02,1,0.042,0.0113,0.00016,0.104,0.833,127.975,audio_features,0C4ejWmOTMv8vuYj85mf8m,spotify:track:0C4ejWmOTMv8vuYj85mf8m,https://api.spotify.com/v1/tracks/0C4ejWmOTMv8vuYj85mf8m,https://api.spotify.com/v1/audio-analysis/0C4ejWmOTMv8vuYj85mf8m,243533,4
263,0.967,0.583,7,-5.562,0,0.0789,0.0584,0.0,0.0519,0.964,117.0,audio_features,0O45fw2L5vsWpdsOdXwNAR,spotify:track:0O45fw2L5vsWpdsOdXwNAR,https://api.spotify.com/v1/tracks/0O45fw2L5vsWpdsOdXwNAR,https://api.spotify.com/v1/audio-analysis/0O45fw2L5vsWpdsOdXwNAR,242733,4
264,0.736,0.74,0,-2.18,1,0.0786,0.515,0.0,0.0468,0.803,140.141,audio_features,66TRwr5uJwPt15mfFkzhbi,spotify:track:66TRwr5uJwPt15mfFkzhbi,https://api.spotify.com/v1/tracks/66TRwr5uJwPt15mfFkzhbi,https://api.spotify.com/v1/audio-analysis/66TRwr5uJwPt15mfFkzhbi,221933,4
265,0.791,0.713,5,-3.742,0,0.254,0.0163,0.0,0.189,0.514,130.012,audio_features,4H1ZiD0aytFHoOiosVmT1w,spotify:track:4H1ZiD0aytFHoOiosVmT1w,https://api.spotify.com/v1/tracks/4H1ZiD0aytFHoOiosVmT1w,https://api.spotify.com/v1/audio-analysis/4H1ZiD0aytFHoOiosVmT1w,192573,4
266,0.774,0.838,5,-3.914,0,0.114,0.0249,0.025,0.242,0.924,143.04,audio_features,6I9VzXrHxO9rA9A5euc8Ak,spotify:track:6I9VzXrHxO9rA9A5euc8Ak,https://api.spotify.com/v1/tracks/6I9VzXrHxO9rA9A5euc8Ak,https://api.spotify.com/v1/audio-analysis/6I9VzXrHxO9rA9A5euc8Ak,198800,4
267,0.894,0.678,6,-5.611,0,0.0523,0.00569,2.43e-06,0.317,0.844,105.024,audio_features,0eH2eHURaXUP15D8gQlfjx,spotify:track:0eH2eHURaXUP15D8gQlfjx,https://api.spotify.com/v1/tracks/0eH2eHURaXUP15D8gQlfjx,https://api.spotify.com/v1/audio-analysis/0eH2eHURaXUP15D8gQlfjx,216333,4
268,0.426,0.584,1,-5.293,1,0.296,0.0383,0.0,0.192,0.272,193.438,audio_features,557un1HgwYMuqfWGSTmnxw,spotify:track:557un1HgwYMuqfWGSTmnxw,https://api.spotify.com/v1/tracks/557un1HgwYMuqfWGSTmnxw,https://api.spotify.com/v1/audio-analysis/557un1HgwYMuqfWGSTmnxw,192587,4
269,0.802,0.682,1,-5.924,0,0.222,0.111,1.39e-05,0.109,0.586,123.95,audio_features,20jYtEun4dUdYZ9foaOC48,spotify:track:20jYtEun4dUdYZ9foaOC48,https://api.spotify.com/v1/tracks/20jYtEun4dUdYZ9foaOC48,https://api.spotify.com/v1/audio-analysis/20jYtEun4dUdYZ9foaOC48,326960,4
270,0.578,0.926,6,-3.689,0,0.0548,0.00472,0.0127,0.14,0.877,149.976,audio_features,2z4U9d5OAA4YLNXoCgioxo,spotify:track:2z4U9d5OAA4YLNXoCgioxo,https://api.spotify.com/v1/tracks/2z4U9d5OAA4YLNXoCgioxo,https://api.spotify.com/v1/audio-analysis/2z4U9d5OAA4YLNXoCgioxo,220707,4
271,0.894,0.791,2,-4.699,1,0.112,0.0183,0.0,0.0388,0.583,105.018,audio_features,5rb9QrpfcKFHM1EUbSIurX,spotify:track:5rb9QrpfcKFHM1EUbSIurX,https://api.spotify.com/v1/tracks/5rb9QrpfcKFHM1EUbSIurX,https://api.spotify.com/v1/audio-analysis/5rb9QrpfcKFHM1EUbSIurX,250373,4
272,0.875,0.634,1,-3.484,1,0.0978,0.00426,3.64e-06,0.111,0.531,120.001,audio_features,4o3cq2szX7THGyZDsWtp59,spotify:track:4o3cq2szX7THGyZDsWtp59,https://api.spotify.com/v1/tracks/4o3cq2szX7THGyZDsWtp59,https://api.spotify.com/v1/audio-analysis/4o3cq2szX7THGyZDsWtp59,272080,4
273,0.563,0.75,11,-4.496,1,0.127,0.113,0.0,0.0788,0.812,173.906,audio_features,60jzFy6Nn4M0iD1d94oteF,spotify:track:60jzFy6Nn4M0iD1d94oteF,https://api.spotify.com/v1/tracks/60jzFy6Nn4M0iD1d94oteF,https://api.spotify.com/v1/audio-analysis/60jzFy6Nn4M0iD1d94oteF,222920,4
274,0.672,0.82,11,-4.456,1,0.0459,0.0368,0.000188,0.184,0.438,120.005,audio_features,3NZJlJemX3mzjf56MqC5ML,spotify:track:3NZJlJemX3mzjf56MqC5ML,https://api.spotify.com/v1/tracks/3NZJlJemX3mzjf56MqC5ML,https://api.spotify.com/v1/audio-analysis/3NZJlJemX3mzjf56MqC5ML,278573,4
275,0.758,0.712,7,-3.781,1,0.112,0.0185,0.0,0.0677,0.795,149.998,audio_features,2q4rjDy9WhaN3o9MvDbO21,spotify:track:2q4rjDy9WhaN3o9MvDbO21,https://api.spotify.com/v1/tracks/2q4rjDy9WhaN3o9MvDbO21,https://api.spotify.com/v1/audio-analysis/2q4rjDy9WhaN3o9MvDbO21,193387,4
276,0.524,0.878,5,-3.108,0,0.0346,0.0012,0.0,0.098,0.59,130.989,audio_features,0CINJz55gaKzuAsqhZ0hEU,spotify:track:0CINJz55gaKzuAsqhZ0hEU,https://api.spotify.com/v1/tracks/0CINJz55gaKzuAsqhZ0hEU,https://api.spotify.com/v1/audio-analysis/0CINJz55gaKzuAsqhZ0hEU,199187,4
277,0.626,0.799,11,-6.612,0,0.046,0.000358,0.00155,0.36,0.369,98.992,audio_features,0iOu4s8w3pE9vbpb1SHXsL,spotify:track:0iOu4s8w3pE9vbpb1SHXsL,https://api.spotify.com/v1/tracks/0iOu4s8w3pE9vbpb1SHXsL,https://api.spotify.com/v1/audio-analysis/0iOu4s8w3pE9vbpb1SHXsL,274213,4
278,0.791,0.733,6,-5.215,0,0.052,0.147,0.000381,0.0713,0.761,114.98,audio_features,7jk7gqyEonmVVYahZN5zhW,spotify:track:7jk7gqyEonmVVYahZN5zhW,https://api.spotify.com/v1/tracks/7jk7gqyEonmVVYahZN5zhW,https://api.spotify.com/v1/audio-analysis/7jk7gqyEonmVVYahZN5zhW,192360,4
279,0.808,0.97,10,-6.098,0,0.0506,0.0569,6.13e-05,0.154,0.868,114.328,audio_features,2gam98EZKrF9XuOkU13ApN,spotify:track:2gam98EZKrF9XuOkU13ApN,https://api.spotify.com/v1/tracks/2gam98EZKrF9XuOkU13ApN,https://api.spotify.com/v1/audio-analysis/2gam98EZKrF9XuOkU13ApN,242293,4
280,0.667,0.954,2,-3.462,1,0.0817,0.0296,0.0,0.331,0.807,114.03,audio_features,2VEsmoek0sol9MnJFyoG9e,spotify:track:2VEsmoek0sol9MnJFyoG9e,https://api.spotify.com/v1/tracks/2VEsmoek0sol9MnJFyoG9e,https://api.spotify.com/v1/audio-analysis/2VEsmoek0sol9MnJFyoG9e,175093,4
281,0.487,0.9,0,-4.417,1,0.0482,6.79e-05,0.0,0.358,0.484,149.937,audio_features,00Mb3DuaIH1kjrwOku9CGU,spotify:track:00Mb3DuaIH1kjrwOku9CGU,https://api.spotify.com/v1/tracks/00Mb3DuaIH1kjrwOku9CGU,https://api.spotify.com/v1/audio-analysis/00Mb3DuaIH1kjrwOku9CGU,204000,4
282,0.811,0.757,0,-6.447,1,0.23,0.298,0.0,0.103,0.565,130.993,audio_features,6vVfNqiMSku4FrqsqhurBK,spotify:track:6vVfNqiMSku4FrqsqhurBK,https://api.spotify.com/v1/tracks/6vVfNqiMSku4FrqsqhurBK,https://api.spotify.com/v1/audio-analysis/6vVfNqiMSku4FrqsqhurBK,246600,4
283,0.646,0.77,2,-6.596,0,0.226,0.00249,0.0,0.0715,0.681,99.165,audio_features,5IVuqXILoxVWvWEPm82Jxr,spotify:track:5IVuqXILoxVWvWEPm82Jxr,https://api.spotify.com/v1/tracks/5IVuqXILoxVWvWEPm82Jxr,https://api.spotify.com/v1/audio-analysis/5IVuqXILoxVWvWEPm82Jxr,236133,4
284,0.677,0.671,7,-4.905,1,0.0361,0.004,5.07e-05,0.413,0.527,137.046,audio_features,30cSNer6TV8x2utjULVeQ5,spotify:track:30cSNer6TV8x2utjULVeQ5,https://api.spotify.com/v1/tracks/30cSNer6TV8x2utjULVeQ5,https://api.spotify.com/v1/audio-analysis/30cSNer6TV8x2utjULVeQ5,238920,4
285,0.798,0.629,11,-6.857,0,0.0735,0.00474,2.17e-05,0.324,0.4,130.0,audio_features,3F9ByoUqu31xU0I3G5xfVg,spotify:track:3F9ByoUqu31xU0I3G5xfVg,https://api.spotify.com/v1/tracks/3F9ByoUqu31xU0I3G5xfVg,https://api.spotify.com/v1/audio-analysis/3F9ByoUqu31xU0I3G5xfVg,284373,4
286,0.466,0.759,8,-4.978,0,0.199,0.0521,0.0,0.0587,0.328,160.033,audio_features,1jUA4rb6ZCv4gby4YU53xq,spotify:track:1jUA4rb6ZCv4gby4YU53xq,https://api.spotify.com/v1/tracks/1jUA4rb6ZCv4gby4YU53xq,https://api.spotify.com/v1/audio-analysis/1jUA4rb6ZCv4gby4YU53xq,264373,4
287,0.856,0.754,7,-2.728,0,0.0416,0.0294,1.49e-05,0.206,0.722,98.018,audio_features,0ALV8l7nqbjwSZ2w9hS2CI,spotify:track:0ALV8l7nqbjwSZ2w9hS2CI,https://api.spotify.com/v1/tracks/0ALV8l7nqbjwSZ2w9hS2CI,https://api.spotify.com/v1/audio-analysis/0ALV8l7nqbjwSZ2w9hS2CI,236213,4
288,0.691,0.853,1,-2.528,0,0.0372,0.0631,7.13e-05,0.082,0.762,145.999,audio_features,6eDApnV9Jdb1nYahOlbbUh,spotify:track:6eDApnV9Jdb1nYahOlbbUh,https://api.spotify.com/v1/tracks/6eDApnV9Jdb1nYahOlbbUh,https://api.spotify.com/v1/audio-analysis/6eDApnV9Jdb1nYahOlbbUh,215867,4
289,0.751,0.834,1,-5.444,0,0.0437,0.3,1.77e-05,0.355,0.894,95.053,audio_features,6naxalmIoLFWR0siv8dnQQ,spotify:track:6naxalmIoLFWR0siv8dnQQ,https://api.spotify.com/v1/tracks/6naxalmIoLFWR0siv8dnQQ,https://api.spotify.com/v1/audio-analysis/6naxalmIoLFWR0siv8dnQQ,211160,4
290,0.844,0.601,1,-5.283,1,0.157,0.0205,0.0,0.385,0.331,73.989,audio_features,4AYX69oFP3UOS1CFmV9UfO,spotify:track:4AYX69oFP3UOS1CFmV9UfO,https://api.spotify.com/v1/tracks/4AYX69oFP3UOS1CFmV9UfO,https://api.spotify.com/v1/audio-analysis/4AYX69oFP3UOS1CFmV9UfO,242013,4
291,0.591,0.904,1,-4.478,0,0.0359,0.0244,0.0,0.0786,0.542,107.027,audio_features,0FpT75cRdvf6va1TARHrl5,spotify:track:0FpT75cRdvf6va1TARHrl5,https://api.spotify.com/v1/tracks/0FpT75cRdvf6va1TARHrl5,https://api.spotify.com/v1/audio-analysis/0FpT75cRdvf6va1TARHrl5,213453,4
292,0.618,0.955,4,-3.836,1,0.0798,0.00221,3.09e-06,0.486,0.79,150.034,audio_features,5619Ojc6t9evEEs3B7Drhe,spotify:track:5619Ojc6t9evEEs3B7Drhe,https://api.spotify.com/v1/tracks/5619Ojc6t9evEEs3B7Drhe,https://api.spotify.com/v1/audio-analysis/5619Ojc6t9evEEs3B7Drhe,179947,4
293,0.76,0.696,0,-5.811,1,0.0491,0.0195,0.0,0.278,0.903,127.029,audio_features,360ZhWvMnyXKYFG9Mqsm89,spotify:track:360ZhWvMnyXKYFG9Mqsm89,https://api.spotify.com/v1/tracks/360ZhWvMnyXKYFG9Mqsm89,https://api.spotify.com/v1/audio-analysis/360ZhWvMnyXKYFG9Mqsm89,205884,4
294,0.756,0.632,7,-8.441,1,0.164,0.000165,0.000886,0.0963,0.505,99.009,audio_features,3U3Ff8ZvL6oEu1r98gCCWW,spotify:track:3U3Ff8ZvL6oEu1r98gCCWW,https://api.spotify.com/v1/tracks/3U3Ff8ZvL6oEu1r98gCCWW,https://api.spotify.com/v1/audio-analysis/3U3Ff8ZvL6oEu1r98gCCWW,246960,4
295,0.769,0.609,1,-5.894,1,0.357,0.216,0.0,0.166,0.633,90.951,audio_features,2UPqEbhg8b2O0onMq5dHlP,spotify:track:2UPqEbhg8b2O0onMq5dHlP,https://api.spotify.com/v1/tracks/2UPqEbhg8b2O0onMq5dHlP,https://api.spotify.com/v1/audio-analysis/2UPqEbhg8b2O0onMq5dHlP,241307,4
296,0.648,0.931,1,-3.15,0,0.181,0.00937,0.0,0.752,0.744,153.649,audio_features,2ygMBIctKIAfbEBcT9065L,spotify:track:2ygMBIctKIAfbEBcT9065L,https://api.spotify.com/v1/tracks/2ygMBIctKIAfbEBcT9065L,https://api.spotify.com/v1/audio-analysis/2ygMBIctKIAfbEBcT9065L,213067,4
297,0.813,0.627,11,-5.018,0,0.0486,0.0771,0.000616,0.131,0.801,130.011,audio_features,127uq83uGFapbddqiMUKky,spotify:track:127uq83uGFapbddqiMUKky,https://api.spotify.com/v1/tracks/127uq83uGFapbddqiMUKky,https://api.spotify.com/v1/audio-analysis/127uq83uGFapbddqiMUKky,195853,4
298,0.734,0.667,8,-6.175,1,0.183,0.107,0.0,0.143,0.586,148.019,audio_features,4IbfEQH5rWtgtS6lHGWzJI,spotify:track:4IbfEQH5rWtgtS6lHGWzJI,https://api.spotify.com/v1/tracks/4IbfEQH5rWtgtS6lHGWzJI,https://api.spotify.com/v1/audio-analysis/4IbfEQH5rWtgtS6lHGWzJI,288947,4
299,0.714,0.833,5,-5.239,1,0.0259,0.00249,0.0,0.298,0.663,129.964,audio_features,3rLIv187BhjyweFe89SgLn,spotify:track:3rLIv187BhjyweFe89SgLn,https://api.spotify.com/v1/tracks/3rLIv187BhjyweFe89SgLn,https://api.spotify.com/v1/audio-analysis/3rLIv187BhjyweFe89SgLn,220920,4
300,0.726,0.881,9,-3.892,0,0.0391,0.203,0.0,0.108,0.682,110.019,audio_features,4hjuUelurEBKlqpJPJ77Iw,spotify:track:4hjuUelurEBKlqpJPJ77Iw,https://api.spotify.com/v1/tracks/4hjuUelurEBKlqpJPJ77Iw,https://api.spotify.com/v1/audio-analysis/4hjuUelurEBKlqpJPJ77Iw,203440,4
301,0.447,0.694,7,-4.637,0,0.382,0.0293,5.46e-06,0.167,0.509,175.868,audio_features,6RX5iL93VZ5fKmyvNXvF1r,spotify:track:6RX5iL93VZ5fKmyvNXvF1r,https://api.spotify.com/v1/tracks/6RX5iL93VZ5fKmyvNXvF1r,https://api.spotify.com/v1/audio-analysis/6RX5iL93VZ5fKmyvNXvF1r,227853,4
302,0.603,0.872,5,-5.404,0,0.0792,0.0213,0.0,0.366,0.691,150.104,audio_features,4z8ssgZfs5TzKiO8HaGWXO,spotify:track:4z8ssgZfs5TzKiO8HaGWXO,https://api.spotify.com/v1/tracks/4z8ssgZfs5TzKiO8HaGWXO,https://api.spotify.com/v1/audio-analysis/4z8ssgZfs5TzKiO8HaGWXO,206373,4
303,0.759,0.699,0,-5.745,0,0.0307,0.202,0.000131,0.443,0.907,92.96,audio_features,3MjUtNVVq3C8Fn0MP3zhXa,spotify:track:3MjUtNVVq3C8Fn0MP3zhXa,https://api.spotify.com/v1/tracks/3MjUtNVVq3C8Fn0MP3zhXa,https://api.spotify.com/v1/audio-analysis/3MjUtNVVq3C8Fn0MP3zhXa,211067,4
304,0.79,0.647,10,-5.983,0,0.136,0.0515,0.0,0.248,0.654,87.999,audio_features,4ZMJshw6UOvaTWWThYtEoW,spotify:track:4ZMJshw6UOvaTWWThYtEoW,https://api.spotify.com/v1/tracks/4ZMJshw6UOvaTWWThYtEoW,https://api.spotify.com/v1/audio-analysis/4ZMJshw6UOvaTWWThYtEoW,211000,4
305,0.659,0.857,11,-5.85,1,0.0437,0.0045,1.93e-06,0.335,0.798,106.965,audio_features,4zP7ADsgJgHGY6VzxbNp1z,spotify:track:4zP7ADsgJgHGY6VzxbNp1z,https://api.spotify.com/v1/tracks/4zP7ADsgJgHGY6VzxbNp1z,https://api.spotify.com/v1/audio-analysis/4zP7ADsgJgHGY6VzxbNp1z,201960,4
306,0.375,0.862,11,-3.363,0,0.255,0.071,0.0,0.211,0.478,159.841,audio_features,3jlbL2OTD5YmIunYzgQTAN,spotify:track:3jlbL2OTD5YmIunYzgQTAN,https://api.spotify.com/v1/tracks/3jlbL2OTD5YmIunYzgQTAN,https://api.spotify.com/v1/audio-analysis/3jlbL2OTD5YmIunYzgQTAN,338853,4
307,0.673,0.886,1,-4.44,0,0.0431,0.185,0.0,0.0826,0.795,97.012,audio_features,4HlFJV71xXKIGcU3kRyttv,spotify:track:4HlFJV71xXKIGcU3kRyttv,https://api.spotify.com/v1/tracks/4HlFJV71xXKIGcU3kRyttv,https://api.spotify.com/v1/audio-analysis/4HlFJV71xXKIGcU3kRyttv,216773,4
308,0.939,0.742,5,-5.171,0,0.0467,0.321,0.0,0.107,0.924,118.978,audio_features,2kQuhkFX7uSVepCD3h29g5,spotify:track:2kQuhkFX7uSVepCD3h29g5,https://api.spotify.com/v1/tracks/2kQuhkFX7uSVepCD3h29g5,https://api.spotify.com/v1/audio-analysis/2kQuhkFX7uSVepCD3h29g5,212360,4
309,0.708,0.641,7,-4.271,1,0.0336,0.205,0.0,0.0925,0.253,113.082,audio_features,0lupJBVy4UQrvI4Oy3PvI7,spotify:track:0lupJBVy4UQrvI4Oy3PvI7,https://api.spotify.com/v1/tracks/0lupJBVy4UQrvI4Oy3PvI7,https://api.spotify.com/v1/audio-analysis/0lupJBVy4UQrvI4Oy3PvI7,268120,4
310,0.881,0.774,1,-6.068,1,0.0439,0.00971,0.0346,0.206,0.759,112.968,audio_features,26wpcLqBHEfOL00i1rdbun,spotify:track:26wpcLqBHEfOL00i1rdbun,https://api.spotify.com/v1/tracks/26wpcLqBHEfOL00i1rdbun,https://api.spotify.com/v1/audio-analysis/26wpcLqBHEfOL00i1rdbun,182627,4
311,0.706,0.8,5,-6.333,1,0.0399,0.00584,0.0,0.0822,0.629,100.011,audio_features,3U5JVgI2x4rDyHGObzJfNf,spotify:track:3U5JVgI2x4rDyHGObzJfNf,https://api.spotify.com/v1/tracks/3U5JVgI2x4rDyHGObzJfNf,https://api.spotify.com/v1/audio-analysis/3U5JVgI2x4rDyHGObzJfNf,259333,4
312,0.585,0.776,5,-5.898,1,0.0459,0.0572,7.74e-06,0.3,0.427,77.987,audio_features,5xEM5hIgJ1jjgcEBfpkt2F,spotify:track:5xEM5hIgJ1jjgcEBfpkt2F,https://api.spotify.com/v1/tracks/5xEM5hIgJ1jjgcEBfpkt2F,https://api.spotify.com/v1/audio-analysis/5xEM5hIgJ1jjgcEBfpkt2F,244507,4
313,0.613,0.634,2,-3.472,1,0.0339,0.0178,0.0,0.0639,0.37,144.953,audio_features,4hJNA7VCBfNDly2Lz1SKAt,spotify:track:4hJNA7VCBfNDly2Lz1SKAt,https://api.spotify.com/v1/tracks/4hJNA7VCBfNDly2Lz1SKAt,https://api.spotify.com/v1/audio-analysis/4hJNA7VCBfNDly2Lz1SKAt,241920,4
314,0.635,0.647,5,-5.864,1,0.0366,0.192,0.0,0.154,0.201,104.058,audio_features,6LtPIXlIzPOTF8vTecYjRe,spotify:track:6LtPIXlIzPOTF8vTecYjRe,https://api.spotify.com/v1/tracks/6LtPIXlIzPOTF8vTecYjRe,https://api.spotify.com/v1/audio-analysis/6LtPIXlIzPOTF8vTecYjRe,262693,4
315,0.629,0.696,1,-5.572,0,0.348,0.0195,0.0,0.0554,0.623,93.034,audio_features,3QHPHLAkYV5cQBUYs6rowx,spotify:track:3QHPHLAkYV5cQBUYs6rowx,https://api.spotify.com/v1/tracks/3QHPHLAkYV5cQBUYs6rowx,https://api.spotify.com/v1/audio-analysis/3QHPHLAkYV5cQBUYs6rowx,207627,4
316,0.614,0.928,8,-4.806,0,0.0516,0.0408,0.00104,0.0845,0.879,172.656,audio_features,4r8lRYnoOGdEi6YyI5OC1o,spotify:track:4r8lRYnoOGdEi6YyI5OC1o,https://api.spotify.com/v1/tracks/4r8lRYnoOGdEi6YyI5OC1o,https://api.spotify.com/v1/audio-analysis/4r8lRYnoOGdEi6YyI5OC1o,200560,4
317,0.737,0.833,1,-4.879,1,0.0358,0.000798,0.12,0.228,0.764,132.965,audio_features,7AQjiRtIpr33P8UT98iveh,spotify:track:7AQjiRtIpr33P8UT98iveh,https://api.spotify.com/v1/tracks/7AQjiRtIpr33P8UT98iveh,https://api.spotify.com/v1/audio-analysis/7AQjiRtIpr33P8UT98iveh,212280,4
318,0.944,0.511,5,-10.96,0,0.161,0.042,0.00107,0.0379,0.842,113.046,audio_features,7uKcScNXuO3MWw6LowBjW1,spotify:track:7uKcScNXuO3MWw6LowBjW1,https://api.spotify.com/v1/tracks/7uKcScNXuO3MWw6LowBjW1,https://api.spotify.com/v1/audio-analysis/7uKcScNXuO3MWw6LowBjW1,203787,4
319,0.573,0.818,11,-4.469,1,0.0355,0.263,0.0,0.161,0.309,94.933,audio_features,4pextOBn0xoPnKf7qrDjWg,spotify:track:4pextOBn0xoPnKf7qrDjWg,https://api.spotify.com/v1/tracks/4pextOBn0xoPnKf7qrDjWg,https://api.spotify.com/v1/audio-analysis/4pextOBn0xoPnKf7qrDjWg,237373,4
320,0.829,0.857,8,-4.194,0,0.152,0.26,0.0,0.415,0.586,137.979,audio_features,5Ravsw8TmHN5wBiYPPYUFw,spotify:track:5Ravsw8TmHN5wBiYPPYUFw,https://api.spotify.com/v1/tracks/5Ravsw8TmHN5wBiYPPYUFw,https://api.spotify.com/v1/audio-analysis/5Ravsw8TmHN5wBiYPPYUFw,240747,4
321,0.851,0.629,1,-8.385,1,0.175,0.00705,0.000372,0.0746,0.789,125.984,audio_features,6Rb0ptOEjBjPPQUlQtQGbL,spotify:track:6Rb0ptOEjBjPPQUlQtQGbL,https://api.spotify.com/v1/tracks/6Rb0ptOEjBjPPQUlQtQGbL,https://api.spotify.com/v1/audio-analysis/6Rb0ptOEjBjPPQUlQtQGbL,237640,4
322,0.68,0.687,9,-6.162,0,0.0709,0.0161,0.0,0.261,0.467,150.053,audio_features,1IAzD1muglOxOcPbUHs70R,spotify:track:1IAzD1muglOxOcPbUHs70R,https://api.spotify.com/v1/tracks/1IAzD1muglOxOcPbUHs70R,https://api.spotify.com/v1/audio-analysis/1IAzD1muglOxOcPbUHs70R,249533,4
323,0.607,0.783,7,-4.41,1,0.0397,0.000683,0.0,0.0678,0.434,113.172,audio_features,6TrNRd98WksT9Kkmx9uj6R,spotify:track:6TrNRd98WksT9Kkmx9uj6R,https://api.spotify.com/v1/tracks/6TrNRd98WksT9Kkmx9uj6R,https://api.spotify.com/v1/audio-analysis/6TrNRd98WksT9Kkmx9uj6R,231173,4
324,0.729,0.658,10,-3.386,0,0.225,0.0506,0.0,0.0693,0.551,140.043,audio_features,3wKKkGVn7cVSfgPeYYIiXG,spotify:track:3wKKkGVn7cVSfgPeYYIiXG,https://api.spotify.com/v1/tracks/3wKKkGVn7cVSfgPeYYIiXG,https://api.spotify.com/v1/audio-analysis/3wKKkGVn7cVSfgPeYYIiXG,250667,3
325,0.607,0.805,11,-5.579,0,0.0608,0.00175,0.0,0.231,0.232,139.894,audio_features,1hBM2D1ULT3aeKuddSwPsK,spotify:track:1hBM2D1ULT3aeKuddSwPsK,https://api.spotify.com/v1/tracks/1hBM2D1ULT3aeKuddSwPsK,https://api.spotify.com/v1/audio-analysis/1hBM2D1ULT3aeKuddSwPsK,202667,4
326,0.951,0.6,0,-4.675,0,0.0685,0.106,0.0,0.0712,0.822,125.04,audio_features,0k2GOhqsrxDTAbFFSdNJjT,spotify:track:0k2GOhqsrxDTAbFFSdNJjT,https://api.spotify.com/v1/tracks/0k2GOhqsrxDTAbFFSdNJjT,https://api.spotify.com/v1/audio-analysis/0k2GOhqsrxDTAbFFSdNJjT,218573,4
327,0.58,0.75,4,-4.421,1,0.194,0.159,0.0,0.274,0.728,86.938,audio_features,69ghzc538EQSVon2Gm3wrr,spotify:track:69ghzc538EQSVon2Gm3wrr,https://api.spotify.com/v1/tracks/69ghzc538EQSVon2Gm3wrr,https://api.spotify.com/v1/audio-analysis/69ghzc538EQSVon2Gm3wrr,229107,4
328,0.689,0.784,2,-2.972,1,0.074,0.182,0.0,0.0843,0.561,99.954,audio_features,6DkXLzBQT7cwXmTyzAB1DJ,spotify:track:6DkXLzBQT7cwXmTyzAB1DJ,https://api.spotify.com/v1/tracks/6DkXLzBQT7cwXmTyzAB1DJ,https://api.spotify.com/v1/audio-analysis/6DkXLzBQT7cwXmTyzAB1DJ,263173,4
329,0.736,0.718,11,-3.605,1,0.0299,0.206,0.0,0.186,0.682,130.057,audio_features,1TEXhp3NMV9U3xvWFZy5Xq,spotify:track:1TEXhp3NMV9U3xvWFZy5Xq,https://api.spotify.com/v1/tracks/1TEXhp3NMV9U3xvWFZy5Xq,https://api.spotify.com/v1/audio-analysis/1TEXhp3NMV9U3xvWFZy5Xq,194080,4
330,0.715,0.907,7,-6.025,0,0.0993,0.0172,8.39e-05,0.426,0.841,124.992,audio_features,2WQ09wqQBIOor7Q0VpIDBK,spotify:track:2WQ09wqQBIOor7Q0VpIDBK,https://api.spotify.com/v1/tracks/2WQ09wqQBIOor7Q0VpIDBK,https://api.spotify.com/v1/audio-analysis/2WQ09wqQBIOor7Q0VpIDBK,268840,4
331,0.422,0.712,11,-5.907,0,0.1,0.273,0.0,0.051,0.471,78.454,audio_features,2CvOqDpQIMw69cCzWqr5yr,spotify:track:2CvOqDpQIMw69cCzWqr5yr,https://api.spotify.com/v1/tracks/2CvOqDpQIMw69cCzWqr5yr,https://api.spotify.com/v1/audio-analysis/2CvOqDpQIMw69cCzWqr5yr,261160,4
332,0.727,0.974,4,-2.261,0,0.0664,0.103,0.000532,0.174,0.965,79.526,audio_features,2PpruBYCo4H7WOBJ7Q2EwM,spotify:track:2PpruBYCo4H7WOBJ7Q2EwM,https://api.spotify.com/v1/tracks/2PpruBYCo4H7WOBJ7Q2EwM,https://api.spotify.com/v1/audio-analysis/2PpruBYCo4H7WOBJ7Q2EwM,235213,4
333,0.503,0.955,11,-1.533,1,0.381,0.0265,0.0,0.265,0.818,173.521,audio_features,3xkxcbnc7G3XYuZt6eUnI5,spotify:track:3xkxcbnc7G3XYuZt6eUnI5,https://api.spotify.com/v1/tracks/3xkxcbnc7G3XYuZt6eUnI5,https://api.spotify.com/v1/audio-analysis/3xkxcbnc7G3XYuZt6eUnI5,277107,4
334,0.739,0.945,0,-4.443,0,0.0881,0.125,0.0,0.112,0.627,130.018,audio_features,1GLx5tpDdwEFiA7KaikvX2,spotify:track:1GLx5tpDdwEFiA7KaikvX2,https://api.spotify.com/v1/tracks/1GLx5tpDdwEFiA7KaikvX2,https://api.spotify.com/v1/audio-analysis/1GLx5tpDdwEFiA7KaikvX2,312987,4
335,0.662,0.693,3,-4.298,1,0.0698,0.134,0.0,0.145,0.655,86.009,audio_features,5Lgcn7u07bHuqbOtXkN62u,spotify:track:5Lgcn7u07bHuqbOtXkN62u,https://api.spotify.com/v1/tracks/5Lgcn7u07bHuqbOtXkN62u,https://api.spotify.com/v1/audio-analysis/5Lgcn7u07bHuqbOtXkN62u,252120,4
336,0.692,0.911,9,-5.098,0,0.177,0.015,7.71e-05,0.112,0.8,138.975,audio_features,3AjyOYxBv8bByfBtG5o9dP,spotify:track:3AjyOYxBv8bByfBtG5o9dP,https://api.spotify.com/v1/tracks/3AjyOYxBv8bByfBtG5o9dP,https://api.spotify.com/v1/audio-analysis/3AjyOYxBv8bByfBtG5o9dP,190453,4
337,0.644,0.549,1,-5.415,0,0.0285,0.0209,8.85e-06,0.134,0.167,90.04,audio_features,6IwKcFdiRQZOWeYNhUiWIv,spotify:track:6IwKcFdiRQZOWeYNhUiWIv,https://api.spotify.com/v1/tracks/6IwKcFdiRQZOWeYNhUiWIv,https://api.spotify.com/v1/audio-analysis/6IwKcFdiRQZOWeYNhUiWIv,253813,4
338,0.693,0.705,8,-5.747,1,0.0665,0.0228,0.0,0.202,0.45,131.951,audio_features,38iU2jg98IZZEIJPrP7aWD,spotify:track:38iU2jg98IZZEIJPrP7aWD,https://api.spotify.com/v1/tracks/38iU2jg98IZZEIJPrP7aWD,https://api.spotify.com/v1/audio-analysis/38iU2jg98IZZEIJPrP7aWD,237947,4
339,0.749,0.925,10,-5.034,1,0.227,0.241,0.0,0.52,0.641,86.989,audio_features,15JINEqzVMv3SvJTAXAKED,spotify:track:15JINEqzVMv3SvJTAXAKED,https://api.spotify.com/v1/tracks/15JINEqzVMv3SvJTAXAKED,https://api.spotify.com/v1/audio-analysis/15JINEqzVMv3SvJTAXAKED,263373,4
340,0.689,0.836,0,-6.058,1,0.0559,0.187,0.0,0.162,0.749,127.411,audio_features,1zneM1cLjM6w8BFmukl2Lr,spotify:track:1zneM1cLjM6w8BFmukl2Lr,https://api.spotify.com/v1/tracks/1zneM1cLjM6w8BFmukl2Lr,https://api.spotify.com/v1/audio-analysis/1zneM1cLjM6w8BFmukl2Lr,223067,4
341,0.731,0.563,2,-4.046,1,0.131,0.191,0.00042,0.296,0.452,184.009,audio_features,6QtisQ9d46q33drUngtpDz,spotify:track:6QtisQ9d46q33drUngtpDz,https://api.spotify.com/v1/tracks/6QtisQ9d46q33drUngtpDz,https://api.spotify.com/v1/audio-analysis/6QtisQ9d46q33drUngtpDz,240427,4
342,0.66,0.666,9,-4.342,1,0.0472,0.0759,0.0,0.0268,0.933,89.975,audio_features,1HwpWwa6bnqqRhK8agG4RS,spotify:track:1HwpWwa6bnqqRhK8agG4RS,https://api.spotify.com/v1/tracks/1HwpWwa6bnqqRhK8agG4RS,https://api.spotify.com/v1/audio-analysis/1HwpWwa6bnqqRhK8agG4RS,214227,4
343,0.713,0.678,5,-3.525,0,0.102,0.273,0.0,0.149,0.734,138.009,audio_features,7H6ev70Weq6DdpZyyTmUXk,spotify:track:7H6ev70Weq6DdpZyyTmUXk,https://api.spotify.com/v1/tracks/7H6ev70Weq6DdpZyyTmUXk,https://api.spotify.com/v1/audio-analysis/7H6ev70Weq6DdpZyyTmUXk,271333,4
344,0.572,0.89,6,-4.139,0,0.039,0.00082,0.00937,0.564,0.765,158.038,audio_features,11dxtPJKR4E0wlSr0A0t47,spotify:track:11dxtPJKR4E0wlSr0A0t47,https://api.spotify.com/v1/tracks/11dxtPJKR4E0wlSr0A0t47,https://api.spotify.com/v1/audio-analysis/11dxtPJKR4E0wlSr0A0t47,219773,4
345,0.624,0.976,8,-5.355,1,0.0494,0.004,1.18e-05,0.376,0.514,142.008,audio_features,6MjljecHzHelUDismyKkba,spotify:track:6MjljecHzHelUDismyKkba,https://api.spotify.com/v1/tracks/6MjljecHzHelUDismyKkba,https://api.spotify.com/v1/audio-analysis/6MjljecHzHelUDismyKkba,199120,4
346,0.956,0.745,11,-4.753,0,0.12,0.206,0.0,0.0615,0.912,107.075,audio_features,04KTF78FFg8sOHC1BADqbY,spotify:track:04KTF78FFg8sOHC1BADqbY,https://api.spotify.com/v1/tracks/04KTF78FFg8sOHC1BADqbY,https://api.spotify.com/v1/audio-analysis/04KTF78FFg8sOHC1BADqbY,228240,4
347,0.673,0.683,1,-5.693,1,0.115,0.522,0.0,0.235,0.713,171.86,audio_features,34ceTg8ChN5HjrqiIYCn9Q,spotify:track:34ceTg8ChN5HjrqiIYCn9Q,https://api.spotify.com/v1/tracks/34ceTg8ChN5HjrqiIYCn9Q,https://api.spotify.com/v1/audio-analysis/34ceTg8ChN5HjrqiIYCn9Q,232000,4
348,0.731,0.807,3,-6.492,0,0.1,0.181,0.751,0.319,0.765,114.759,audio_features,2bLqfJjuC5syrsgDsZfGmn,spotify:track:2bLqfJjuC5syrsgDsZfGmn,https://api.spotify.com/v1/tracks/2bLqfJjuC5syrsgDsZfGmn,https://api.spotify.com/v1/audio-analysis/2bLqfJjuC5syrsgDsZfGmn,179120,4
